cardinal,total_sibs,birth_order,source
"RICCARDI, Davide",8,3,fiu_scrape
"(7) 4. PACCA, seniore, Bartolomeo (1756-1844)",,,
"(48) 11. ARGENVILLIERS, Clemente (1687-1758)","","",fiu_scrape
"(11) 3. ANSIDEI, Marco Antonio (1671-1730)","","",fiu_scrape
"(12) 8. BORGHESE, Camillo (1552-1621)","","",fiu_scrape
"(20) 11. CAETANI, Niccolò (1526-1585)","","",fiu_scrape
"(27) 12. BAGNASCO, Angelo",2,2,
"(46) 12. SPINELLI, Ferdinando (1728-1795)",9,1,fiu_scrape
"(9) 4. PALLAVICINO, Lazzaro (1603?-1680)",22,"",fiu_scrape
"(63) 6. GRIMALDI-CAVALLERONI, Girolamo (1595-1685)","","",fiu_scrape
"(33) 2. FINOCCHIETTI, Raniero (1715-1793)",4,4,fiu_scrape
"(86) 13. VAUGHAN, Herbert",13,1,
"(5) 5. BARBO, Marco (1420-1491)",3,1,fiu_scrape
"(20) 3. SINZENDORF, Philip Ludwig von (1699-1747)",5,2,fiu_scrape
"(2) 1. CAETANI, Enrico (1550-1599)","",2,fiu_scrape
"(4) 4. ORSINI, iuniore, Giordano (1360s-1438)",>1,>1,fiu_scrape
"(26) 5. LIPSKI, Jan Aleksander (1690-1746)",5,"",fiu_scrape
"(38) 8. GONZAGA, Vincenzo (1594-1627)",6,5,fiu_scrape
"(7) 2. AMMANNATI, Bonifacio (?-1399)",>1,"",fiu_scrape
"(13) 3. FERRIS, Pedro (1415/1416-1478)","","",fiu_scrape
"(58) 1. PANCIROLI, Giovanni Giacomo (1587-1651)","","",fiu_scrape
"(26) 10. KOLLONITSCH, Leopold Karl von (1631-1707)","","",fiu_scrape
"(81) 27. ODDI, Silvio",14,12,
"(50) 13. CHIGI, iuniore, Flavio (1711-1771)",4,3,fiu_scrape
"(10) 10. DZIWISZ, Stanisław",7,,
"(27) 2. MIGAZZI, Christoph Anton von (1714-1803)","","",fiu_scrape
"(9) 9. LANGLEY, Thomas (1363-1437)",>3,>3,fiu_scrape
"(18) 4. CASTRO OSORIO, Rodrigo de (1523-1600)","",11,fiu_scrape
"(222) 21. BOZANIĆ, Josip",>1,,
"(14) 13. PARACCIANI, Giandomenico (1646-1721)",3,3,fiu_scrape
"(70) 8. ZUPPI, Matteo Maria",6,5,fiu_scrape
"(23) 20. CASELLI, O.S.M., Carlo Francesco (1740-1828)",8,6,
"(27) 9. RASPONI, Cesare Maria Antonio (1615-1675)","","",fiu_scrape
"(12) 9. VALENTI, Ludovico (1695-1763)",3,1,fiu_scrape
"(34) 11. PASQUA, Simone (1492-1565)",>1,"",fiu_scrape
"(21) 3. ACCOLTI, Pietro (1455-1532)",8,4,fiu_scrape
"(32) 2. GUISE, Louis III de (1575-1621)",14,3,fiu_scrape
"(5) 5. TOSI, O.Ss.C.A., Eugenio",9,9,
"(7) 2. DORIA, Sinibaldo (1664-1733)",6,2,fiu_scrape
"(31) 1. VENDRAMINO, Francesco (1555-1618)",3,2,fiu_scrape
"(9) 9. HERGENRÖTHER, Joseph",8,2,
"(24) 4. LOMELLINI, Giovanni Girolamo (1607-1659)",>2,"",fiu_scrape
"(7) 2. CERVANTES DE GAETE, Gaspar (1511-1575)","","",fiu_scrape
"(12) 9. SALVIATI, O. S. Io.Hier., Bernardo (1508-1568)",11,8,fiu_scrape
"(49) 4. RAGGI, Ottaviano (1592-1643)","","",fiu_scrape
"(25) 7. ROHAN-GUÉMÉNÉE, Louis-René-Édouard de (1734-1803)",7,3,fiu_scrape
"(73) 12. OBESO RIVERA, Sergio",9,6,fiu_scrape
"(56) 1. DUSMET, O.S.B.Cas., Giuseppe Benedetto",6,1,
"(23) 5. LITTA, Alfonso (1608-1679)","",2,fiu_scrape
"SIESTRZEŃCEWICZ-BOHUSZ, Stanisław Jan (1731-1826)","","",fiu_scrape
(1626-1689),3,2,fiu_scrape
"(22) 3. BÉRULLE, Orat., Pierre (1575-1629)","","",fiu_scrape
"(1) 1. BAYERN, Johann Theodor von (1703-1763)",9,8,fiu_scrape
(1504-1577),3,"",fiu_scrape
"(8) 8. CHEONG JIN-SUK, Nicholas",6,3,fiu_scrape
"(11) 8. AMULIO, Marco Antonio (1506-1572)",7,2,fiu_scrape
"(26) 12. SPINOLA, Filippo (1535-1593)",6,3,fiu_scrape
"(10) 6. SFORZA, Federico (1603-1676)","","",fiu_scrape
"(215) 14. O'BRIEN, Keith Michael Patrick",2,1,
"(150) 13. SCHÖNBORN, O.P., Christoph",,2,https://en.wikipedia.org/wiki/Christoph_Sch%C3%B6nborn
"(50) 11. AGUIAR RETES, Carlos",6,2,fiu_scrape
(1630-1719),10,3,fiu_scrape
"(103) 15. MARTÍNEZ FLORES, Adalberto",4,2,fiu_scrape
"(54) 3. NUZZI, Ferdinando (1645-1717)",6,3,fiu_scrape
"(128) 21. PULJIĆ, Vinko",13,12,
"(12) 4. ROSARIO, Virgilio (1499-1559)","",3,fiu_scrape
"(35) 12. ORSINI, Flavio (1532-1581)","",2,fiu_scrape
"(10) 4. ALBRET, Louis d' (1422-1465)",>1,>1,fiu_scrape
"(31) 8. BOBBA, Marcantonio (beginning of 16th century-1575)","",1,fiu_scrape
"(18) 6. MALESTROIT, Jean de (1375-1443)","",>5,fiu_scrape
"(68) 14. ENRIQUE Y TARANCÓN, Vicente",3,2,
"(7) 4. PICCOLOMINI, Enea Silvio (1405-1464)",21,"",fiu_scrape
"(50) 3. CUEVA Y TOLEDO, Bartolomé de la (1499-1562)","","",fiu_scrape
"(17) 3. MEDICI, Alessandro Ottaviano de' (1535-1605)","","",fiu_scrape
"(22) 1. ALMEIDA, Tomás de (1670-1754)","",9,fiu_scrape
"(3) 3. BRANCACCIO, Stefano (1618-1682)","","",fiu_scrape
"(6) 6. VERME, Taddeo Luigi dal (1641-1717)","","",fiu_scrape
"(20) 2. LAVIGERIE, M.Afr., Charles-Martial-Allemand",4,1,
"(57) 2. ARCHINTO, Alberico (1698-1758)",11,5,fiu_scrape
"(9) 1. ZENO, Giovanni Battista (ca. 1439-1440-1501)",>1,"",fiu_scrape
"(64) 1. CAPRARA, Giovanni Battista (1733-1810)",8,6,fiu_scrape
"(1) 1. MORIGIA, B., Giacomo Antonio (1633-1708)",8,7,fiu_scrape
"(39) 9. SAVELLI, Giulio (1574-1644)","","",fiu_scrape
"(8) 7. RUFFO, Tommaso (1663-1753)","","",fiu_scrape
"(129) 12. DELLA VOLPE, Francesco Salesio",9,,
"(4) 1. LA TOUR D'AUVERGNE DE BOUILLON, Emmanuel Théodose de (1643-1715)","",>2,fiu_scrape
"(25) 2. COLONNA, seniore, Marco Antonio (1523-1597)",6,2,fiu_scrape
"(5) 4. MILLINI, Giovanni Garzia (1562-1629)","","",fiu_scrape
"(3) 2. BADOARO, Gianalberto (1649-1714)","","",fiu_scrape
"(3) 3. CECCHINI, Domenico (1589-1656)","","",fiu_scrape
"(9) 5. CORNARO, iuniore, Francesco (1547-1598)","","",fiu_scrape
"(2) 2. PIGNATELLI, Antonio (1615-1700)",5,4,fiu_scrape
"(5) 4. ALDOBRANDINI, iuniore, Ippolito (1596-1638)","","",fiu_scrape
"(21) 18. CORREGGIO, Girolamo di (1511-1572)",4,4,fiu_scrape
"(20) 19. PRIULI, Pietro (1669-1728)",7,6,fiu_scrape
"CARVALHO DE MENDOÇA, Paulo de (1702-1770)",12,4,fiu_scrape
"(31) 11. IMPERIALI, Lorenzo (1612-1673)","","",fiu_scrape
"(24) 3. LAMBERG, Joseph Dominicus von (1680-1761)","","",fiu_scrape
"(23) 3. SANTACROCE, Andrea (1655-1712)","","",fiu_scrape
"(63) 1. AYUSO GUIXOT, M.C.C.J., Miguel Ángel",9,5,fiu_scrape
"(22) 19. DI PIETRO, Michele (1747-1821)",4,,
"(24) 1. CARAFA, iuniore, Pierluigi (1677-1755)",7,6,fiu_scrape
"(77) 23. HÖFFNER, Joseph",,1,
"(165) 6. SARAIVA MARTINS, C.M.F., José",8,6,
"(134) 4. SKRBENSKÝ Z HRISTE, Lev",4,2,
"(11) 1. ACQUAVIVA D'ARAGONA, Troiano (1694-1747)","","",fiu_scrape
"(23) 8. GARCÍA-GASCO VICENTE, Agustín","","",fiu_scrape
"(42) 8. DE GREGORIO, Giovanni (1729-1791)",3,3,fiu_scrape
"(11) 1. FIRMIAN, Leopold Ernest von (1708-1783)",>2,1,fiu_scrape
"(47) 2. FILOMARINO, Ascanio (1583-1666)",5,1,fiu_scrape
"(1) 1. SFORZA, Ascanio Maria (1455-1505)",8,6,fiu_scrape
"(30) 5. HUTTEN, Franz Christoph von (1706-1770)","",2,fiu_scrape
"(47) 13. DORIA PAMPHILJ, Antonio Maria (1749-1821)",>1,"",fiu_scrape
"(22) 3. SOURAPHIEL, C.M., Berhane-Yesus Demerew",8,"",fiu_scrape
"(1) 1. CARAFA, Carlo (1517 or 1519-1561)",>2,>2,fiu_scrape
"(5) 2. BABOU DE LA BOURDAISIÈRE, Philibert (1513-1570)","","",fiu_scrape
"(7) 7. CICOGNANI, Amleto Giovanni",2,2,
"(27) 1. MOROSINI, Gianfrancesco (1537-1596)",>5,"",fiu_scrape
"(54) 1. SERSALE, Antonino (1702-1775)",4,2,fiu_scrape
"(18) 14. VIDONI, Girolamo (1581-1632)","","",fiu_scrape
"(14) 5. GONZAGA, Ferdinando (1587-1626)",6,2,fiu_scrape
"(12) 2. MARCOLINI, Marcantonio (1721-1782)",3,2,fiu_scrape
"(30) 9. BELLARMINO, S.J., Roberto (1542-1621)",7,3,fiu_scrape
"(30) 1. LE VENEUR, JEAN (?-1543)",>1,"",fiu_scrape
"(13) 3. FRANZONI, Giacomo (1612-1697)","","",fiu_scrape
"(53) 1. SENTMENAT Y CARTELLÁ, Antonino de (1734-1806)","","",fiu_scrape
"(137) 30. GRILLMEIER, S.J., Alois",>1,,
"(18) 1. ALLEN, William (1532-1594)",6,3,fiu_scrape
"(87) 2. TODEA, Alexandru",16,13,
"ERASMUS, Desiderius (1466-1536)",1,1,fiu_scrape
"(1) 1. CORRER, Can. Reg. of Saint Augustine of S. Giorgio in Alga, Antonio (1359-1445)","","",fiu_scrape
"(12) 8. RIBAS, O.S.B., Vicente de (?-1408)","","",fiu_scrape
"(69) 15. MALULA, Joseph",8,5,
"(32) 5. GONZÁLEZ Y DÍAZ TUÑÓN, O.P., Zeferino",,,
"(13) 13. MACHARSKI, Franciszek",3,3,
"(6) 6. PAOLUCCI, Francesco (1581-1661)",4,2,fiu_scrape
"(35) 10. MILLINI, Mario (1677-1756)",4,1,fiu_scrape
"(7) 1. VALENTI GONZAGA, Luigi (1725-1808)","","",fiu_scrape
"LUZJAÑSKI, Fabian (ca. 1470-1523)","","",fiu_scrape
"(37) 3. SODERINI, Francesco (1453-1524)",7,6,fiu_scrape
"(15) 2. SPINOLA, Giovanni Battista (1681-1752)",7,1,fiu_scrape
"(6) 6. GHERARDI, O.S.B.Cam., Maffeo (1406-1492)",>1,>1,fiu_scrape
"(37) 5. MAC RORY, Joseph",10,,
"(14) 5. BASADONNA, Pietro (1617-1684)",5,2,fiu_scrape
"(24) 6. CORSINI, Neri (1614-1678)",4,"",fiu_scrape
"(7) 1. BONZI, Pierre de (1631-1703)","","",fiu_scrape
"(54) 16. WUERL, Donald William",4,2,
"(12) 12. ZEN ZE-KIUN, S.D.B., Joseph","","",fiu_scrape
(1628-1714),"","",fiu_scrape
"(6) 1. MAFFEI, Marcantonio (1521-1583)",8,3,fiu_scrape
"(10) 3. RIDOLFI, Ottavio (1582-1624)",>2,"",fiu_scrape
"(24) 21. LATIER DE BAYANE, Alphonse-Hubert de (1739-1818)",,3,
"(36) 10. ROHAN, Armand-Gaston-Maximilien de (1674-1749)",11,5,fiu_scrape
"(38) 1. FERONI, Giuseppe Maria (1693-1767)","","",fiu_scrape
"(50) 17. VACHON, Louis-Albert",6,,
"(9) 1. NASALLI ROCCA DI CORNELIANO, Giovanni Battista",3,2,
"(10) 1. NERLI, iuniore, Francesco (1636-1708)",>1,1,fiu_scrape
"(70) 8. O'BRIEN, Edwin Frederick",3,1,
"(25) 25. ORSINI D'ARAGONA, Domenico (1719-1789)","","",fiu_scrape
"(71) 10. JAVIERRE ORTAS, S.D.B., Antonio María",>2,,
"(19) 14. BURALI D'AREZZO, Theat., Paolo (1511-1578)","",2,fiu_scrape
"(11) 7. ODESCALCHI, Benedetto (1611-1689)",>2,"",fiu_scrape
"(51) 18. DECOURTRAY, Albert",4,,
"(8) 8. GARIBI RIVERA, José",3,3,
"(8) 8. FERRARI, O.P., Tommaso Maria (1649-1716)",6,6,fiu_scrape
"(13) 13. MOTTA, Carlos Carmelo de Vasconcelos",,2,
"(21) 20. GRIMALDI, Nicola (1645-1717)","","",fiu_scrape
"(8) 5. GUALTERIO, Luigi (1706-1761)","","",fiu_scrape
"(8) 8. KUTWA, Jean-Pierre",10,10,fiu_scrape
"(33) 18. NJUE, John","","",fiu_scrape
"(20) 2. CLES, Bernhard von (1485-1539)",9,"",fiu_scrape
"(23) 2. ALBRET, Amanieu d' (ca. 1478-1520)",>1,"",fiu_scrape
"(38) 4. MONCADA DE ARAGÓN, Luis Guillermo de (1614-1673?)","",2,fiu_scrape
"(39) 2. SERBELLONI, Fabrizio (1695-1775)",6,4,fiu_scrape
"NERI, Orat., Filippo (1515-1595)",>1,>1,fiu_scrape
"(24) 9. BRADY, Seán Baptist",3,,
"(27) 8. LANCELLOTTI, Orazio (1571-1620)",7,1,fiu_scrape
"(17) 14. GUGLIELMI, Pietro Girolamo (1694-1773)",4,3,fiu_scrape
"(65) 11. FLAHIFF, C.S.B., George Bernard",9,4,
"(64) 6. BARBARIGO, Giovanni Francesco (1658-1730)",3,1,fiu_scrape
"(27) 4. NICOLINI, Angelo (1502-1567)",>3,1,fiu_scrape
"(22) 1. GOTTI, O.P., Vincenzo Ludovico (1664-1742)","","",fiu_scrape
"(27) 8. GUIDI DI BAGNO, Giovanni Francesco (1578-1641)","","",fiu_scrape
"(101) 13. BAAWOBR, M.Afr., Richard Kuuia",1,1,fiu_scrape
(1645-1702),"","",fiu_scrape
"(35) 10. CAPRARA, Cornelio (1703-1765)",4,3,fiu_scrape
"BUSLEIDEN, François (1450-1502)",8,2,fiu_scrape
"(13) 13. RICCI, Francesco (1679-1755)","","",fiu_scrape
"(11) 6. ANGENNES DE RAMBOUILLET, Charles d' (1530-1587)",9,1,fiu_scrape
"(49) 12. GALLI, Can. Reg. Lat., Antonio Andrea (1697-1767)","","",fiu_scrape
"(72) 10. CZERNY, S.J., Michael",2,"",fiu_scrape
"(10) 9. GUALTERIO, Filippo Antonio (1660-1728)",17,1,fiu_scrape
"(28) 10. GUIDI, Romoaldo (1722-1780)",6,1,fiu_scrape
"(63) 1. FILONI, Fernando",3,,https://insidethevatican.com/magazine/lead-story/profiles-of-the-new-cardinals/
"(15) 13. CORNARO, Luigi (1517-1584)",10,1,fiu_scrape
"(14) 14. OUÉDRAOGO, Philippe Nakellentuba","","",fiu_scrape
"(10) 1. LA ROCHE-AYMON, Charles-Antoine de (1697-1777)",3,3,fiu_scrape
"(28) 1. NOAILLES, Louis-Antoine de (1651-1729)",>1,>1,fiu_scrape
"(10) 10. PALLAVICINO, S.J., Francesco Maria Sforza (1607-1667)","",1,fiu_scrape
"(22) 1. GONZAGA, Federico (1540-1565)",>2,>1,fiu_scrape
"(10) 10. BALLESTRERO, O.C.D., Anastasio Alberto",5,1,
"(47) 10. MILLO, Giovanni Giacomo (1695-1757)",4,2,fiu_scrape
"(50) 1. AUSTRIA, Fernando de (1609-1641)",8,3,fiu_scrape
"(67) 5. AMBONGO BESUNGU, O.F.M.Cap., Fredolin",11,"",fiu_scrape
"(9) 9. TEMPESTA, O. Cist., Orani João",9,9,fiu_scrape
"(100) 12. COSTA, Paulo Cezar","","",fiu_scrape
"(13) 3. MARTÍNEZ DE MURILLO, O.Cis., Juan (second third of the 14th century-1420)","","",fiu_scrape
"(7) 3. BARBARIGO, Angelo (ca. 1350-1418)","","",fiu_scrape
"(20) 12. BOURBON DE VENDÔME, Louis II de (1493-1557)","",4,fiu_scrape
"(12) 9. DELLA PORTA, seniore, Ardicino (Second half of the 14th century-1434)","","",fiu_scrape
"(55) 3. BUSCA, Ignazio (1731-1803)",5,5,fiu_scrape
"(31) 1. STAMPA, Gaetano (1667-1742)","","",fiu_scrape
"(62) 5. FACCHINETTI, Cesare (1608-1683)","","",fiu_scrape
"(67) 9. ALTHAN, Mihály Frigyes (1682-1734)","","",fiu_scrape
"(20) 5. COMASTRI, Angelo","","",fiu_scrape
"(7) 6. GRIMANI, Domenico (1461-1523)",>4,>1,fiu_scrape
"(59) 12. RECANATI CAPODIFERRO, Girolamo (1502/1504-1559)","","",fiu_scrape
"(18) 4. LASAGNI, Pietro",4,3,
"(229) 28. JOOS, Gustaaf",8,8,
"(58) 3. ROVERO, Giovanni Battista (1684-1766)",5,4,fiu_scrape
"(97) 12. MAHONY, Roger Michael",3,2,
"(65) 4. GRÉGOIRE, Paul",12,,
"(86) 11. TOMASI, C.S., Silvano Maria",2,"",fiu_scrape
"(25) 25. CARDIJN, Joseph-Léon",,,
Lucian Mureșan,12,10,
"(34) 4. MUTI, Tiberio (1574-1636)",9,3,fiu_scrape
"(41) 15. TOLOMEI, S.J., Giovanni Battista (1653-1726)","",1,fiu_scrape
"(51) 1. CENNINI DE' SALAMANDRI, Francesco (1566-1645)",2,2,fiu_scrape
"(8) 1. CROY, Guillaume III de (1498-1521)",8,2,fiu_scrape
"(60) 5. TRAUTSON, Johannes Joseph von (1704-1757)",8,4,fiu_scrape
"(25) 11. LAURO, Vincenzo (1523-1592)",7,"",fiu_scrape
"LOBO GUERRERO, Bartolomé (1546-1623)",>3,"",fiu_scrape
"(66) 1. VANNUTELLI, Vincenzo",>1,>1,
"(5) 4. BORGIA, Cesare (1475-1507)","","",fiu_scrape
"(18) 2. GUISE DE LORRAINE, Louis I de (1527-1578)",12,4,fiu_scrape
"(33) 7. BUSSI, Giovanni Battista (1657-1726)",7,7,fiu_scrape
"(5) 1. CAETANI, Luigi (1595-1642)","","",fiu_scrape
"(1) 1. GOUFFIER DE BOISSY, Adrien (ca. 1479-1523)",>2,>2,fiu_scrape
(1582-1653),6,2,fiu_scrape
"(1) 1. GROSSO DELLA ROVERE, O.F.M.Conv., Clemente (ca. 1462-1504)","",2,fiu_scrape
"(38) 3. BATTAGLINI, Francesco",,,
"(16) 15. LA TRÉMOILLE, Joseph-Emmanuel de (1659-1720)","","",fiu_scrape
"(19) 5. JOYEUSE, François de (1562-1615)",>6,>1,fiu_scrape
"(49) 2. CARACCIOLO, iuniore, Innico (1642-1730)","","",fiu_scrape
"(44) 11. KLESL, Melchior (1552-1630)","","",fiu_scrape
"(44) 7. IMPERIALI, Cosimo (1685-1764)",4,4,fiu_scrape
"(66) 2. VINCENTI MARERI, Ippolito Antonio (1738-1811)",5,5,fiu_scrape
"(85) 10. ARIZMENDI ESQUIVEL, Felipe","","",fiu_scrape
"(75) 13. DAL CORSO, P.S.D.P., Eugenio",6,2,fiu_scrape
"(69) 7. AVIZ, Jão Braz de",8,"",fiu_scrape
"(42) 1. MARK, Eberhard von der (1472-1538)","",3,fiu_scrape
"(60) 22. SGRECCIA, Elio",6,6,
"(43) 9. RIMINALDI, Giovanni Maria (1718-1789)","",1,fiu_scrape
"(35) 1. GARAMPI, Giuseppe (1725-1792)","",2,fiu_scrape
"(17) 9. VITELLI, Vitellozzo (1531-1568)",5,1,fiu_scrape
"(25) 4. MOLINA Y OVIEDO, O.E.S.A., Gaspar de (1679-1744)","","",fiu_scrape
"(25) 1. LUSIGNAN, Lancelot de (ca. 1406-1451)","","",fiu_scrape
"(63) 9. SALDANHA DA GAMA, Francisco de (1713-1776)",18,7,fiu_scrape
"(11) 10. VALLEMANI, Giuseppe (1648-1725)","","",fiu_scrape
"(21) 6. ARAGONA, Giovanni d' (1456-1485)",>3,>3,fiu_scrape
(1645-1705),3,"",fiu_scrape
"(4) 1. BADEN-DURLACH, O.S.B., Bernhard Gustav von (1631-1677)",11,3,fiu_scrape
"(40) 24. CAVALIERI, Gasparo (1648-1690)","","",fiu_scrape
"(45) 6. BORROMEO, Vitaliano (1720-1793)",6,3,fiu_scrape
"(48) 14. LIVIZZANI, Carlo (1722-1802)",5,4,fiu_scrape
"(1) 1. CAPRANICA, Angelo (ca. 1415-1478)",>1,"",fiu_scrape
"(6) 1. SANSEVERINO, Lucio (1564 or 1565-1623)",7,2,fiu_scrape
"(21) 2. RIVAROLA, Domenico (1575-1627)",6,2,fiu_scrape
"(13) 12. ESTE, Ippolito I d' (1479-1520)",9,5,fiu_scrape
"(40) 1. BRANDENBURG, Albrecht von (1490-1545)",7,"",fiu_scrape
"(13) 8. PAPPACODA, Sigismondo (1456-1536)",6,3,fiu_scrape
"(28) 1. CUSANI, Agostino (1542-1598)",12,4,fiu_scrape
"(36) 17. DE MAGISTRIS, Luigi",6,6,fiu_scrape
"(21) 21. COLOMBO, Giovanni",7,6,
"(32) 9. BONCOMPAGNI, Ugo (1502-1585)",>4,>4,fiu_scrape
"(57) 7. GHERARDI, Cesare (1577-1623)",1,1,fiu_scrape
"(75) 13. DUKA, O.P., Dominik","","",fiu_scrape
"(39) 31. PORTUGAL, Afonso de (1509-1540)",>4,>4,fiu_scrape
"(45) 4. CAMPORI, Pietro (ca. 1553-1643)",4,1,fiu_scrape
"(1) 1. PUCCI, Lorenzo (1458-1531)","","",fiu_scrape
"(13) 10. HOSIUS, Stanisław (1504-1579)",3,3,fiu_scrape
"(7) 4. ACCIAPACCIO, Niccolò d' (1383-1447)","",2,fiu_scrape
"(34) 1. BATORY, Andrzej (1566-1599)",>2,"",fiu_scrape
"(2) 2. URBANI, Giovanni",7,1,
"44) 3. BELMOSTO, Ottavio (1559-1618)",3,1,fiu_scrape
"(16) 1. KHORAICHE, Antoine-Pierre",7,1,
"(44) 10. MASSEI, Paolo (1712-1785)",6,2,fiu_scrape
"(41) 7. GALLO, Muzio (1721-1801)",8,5,fiu_scrape
"(30) 14. PETRUCCI, Orat., Pier Matteo (1636-1701)","","",fiu_scrape
"(34) 9. ALBANI, Gian Francesco (1720-1803)","","",fiu_scrape
"(12) 7. PERETTI, O.F.M. Conv., Felice (1521-1590)","","",fiu_scrape
"(26) 2. PARDO DE TAVERA, Juan (1472-1545)","","",fiu_scrape
"(40) 3. STOPPANI, Giovanni Francesco (1695-1774)",5,5,fiu_scrape
"(69) 3. DUNAJEWSKI, Albin",3,,
"(62) 1. MARTÍNEZ SOMALO, Eduardo",10,,
"(39) 1. BRANCACCIO, Francesco Maria (1592-1675)","","",fiu_scrape
"(28) 13. SARR, Théodore-Adrien",7,,https://en.wikipedia.org/wiki/Th%C3%A9odore-Adrien_Sarr
"(50) 12. MAZOMBWE, Medardo Joseph",8,,
"(6) 2. CENCI, Tiberio (1580-1653)","","",fiu_scrape
"(59) 26. O'CONNOR, John Joseph",,4,
"(76) 1. GRECH, Mario","","",fiu_scrape
"(28) 9. KOVITHAVANIJ, Francis Xavier Kriengsak",4,2,fiu_scrape
"(27) 1. BORGHESE, Francesco (1697-1759)",9,6,fiu_scrape
"(31) 16. DINARDO, Daniel Nicholas",4,2,
"(129) 22. RAZAFINDRATANDRA, Armand Gaétan",,,
"(139) 2. BOVONE, Alberto",5,5,
"(3) 2. SACRATI, Francesco (1567-1623)","","",fiu_scrape
"(9) 1. CALCAGNINI, Guido (1725-1807)",5,3,fiu_scrape
"(41) 1. LORRAINE, Jean de (1498-1550)","",6,fiu_scrape
"(29) 2. SANTACROCE, Antonio (1599-1641)","","",fiu_scrape
"(1) 1. ROSPIGLIOSI, Giacomo (1628-1684)",17,4,fiu_scrape
"(21) 4. MOTA E SILVA, João da (1685-1747)",>1,"",fiu_scrape
"(10) 10. DORIA, Giorgio (1708-1759)","","",fiu_scrape
"(16) 16. COLONNA, Girolamo (1708-1763)","","",fiu_scrape
"(221) 20. PELL, George",5,3,
"DATI, O.P., Leonardo (ca. 1360-1425)",>1,"",fiu_scrape
"(13) 4. GALLO, Antonio Maria (1553-1620)",8,2,fiu_scrape
"(4) 4. GUIDI DI BAGNO, Nicolò (1583-1663)","",2,fiu_scrape
"(99) 11. POOLA, Anthony",6,"",fiu_scrape
"(144) 7. ARAÚJO, Serafim Fernandes de",16,1,
"(6) 1. INGUANZO Y RIVERO, Pedro de (1764-1836)",13,,
"(168) 9. DAOUD, Ignace Moussa I",6,,
"(4) 1. CHARTRES, Regnault de (ca. 1380-1444)","","",fiu_scrape
"(11) 11. Ó FIAICH, Tomás",2,2,
"(13) 9. GONZAGA, O.S.Io.Hier., Giovanni Vincenzo (1540-1591)","","",fiu_scrape
"(24) 1. GRAMONT, Gabriel de (1486-1534)","","",fiu_scrape
"(51) 1. MENDOÇA, José Francisco Miguel António de (1726-1808)",16,16,fiu_scrape
"(28) 8. SANTACROCE, Marcello (1619-1674)",>1,"",fiu_scrape
"(37) 11. CUNHA E ATAÍDE, Nuno da (1664-1750)",5,5,fiu_scrape
"(10) 5. CARDONA Y ENRÍQUEZ, Enrique de (1485-1530)","","",fiu_scrape
"(32) 3. COLIGNY DE CHÂTILLON, Odet de (1517-1571)",>1,>1,fiu_scrape
"(1) 1. ARAGONA, Luigi d' (1474-1519)","","",fiu_scrape
"(39) 5. FIESCHI, Niccolò (ca. 1456-1524)",11,5,fiu_scrape
"(26) 26. MINDSZENTY, József",6,,
"(48) 9. PARACCIANI, Urbano (1715-1777)",6,1,fiu_scrape
"(31) 2. LONGWY DE GIVRY, Claude de (1481-1561)",7,3,fiu_scrape
"(55) 22. SIMONIS, Adrianus Johannes",11,1,
"(5) 4. RUSPOLI, Bartolomeo (1697-1741)","","",fiu_scrape
"(29) 4. LA ROCHEFOUCAULD DE ROYE, Frédéric-Jérôme de (1701-1757)",6,3,fiu_scrape
"(3) 1. BANDI, Giovanni Carlo (1709-1784)","","",fiu_scrape
"(29) 1. ORLÉANS-LONGUEVILLE, Jean d' (1484-1533)",>2,>2,fiu_scrape
"(57) 2. D'ANNIBALE, Giuseppe",,,
"(60) 10. SPÍNOLA, Agustín (1597-1649)",5,2,fiu_scrape
"(29) 1. BOISGELIN DE CUCÉ, Jean-de-Dieu-Raymond de (1732-1804)",3,2,
"(39) 6. OBANDO BRAVO, S.D.B., Miguel",6,2,
"(47) 6. COBELLUZZI, Scipione (1564-1626)","","",fiu_scrape
"(7) 1. BOHIER DU PRAT, O.S.B., Antoine (ca. 1460-1519)","","",fiu_scrape
"(7) 6. GIUDICE, Francesco del (1647-1725)",15,5,fiu_scrape
"(17) 2. DAHE, Ximeno (second half of the 14th century-ca. 1431)","","",fiu_scrape
"(59) 21. ESTEPA LLAURENS, José Manuel","","",fiu_scrape
"(123) 16. KEELER, William Henry",5,,https://en.wikipedia.org/wiki/William_H._Keeler
"(6) 4. FISHER, John (1469-1535)",>1,"",fiu_scrape
"(19) 1. TOURNON, Can. Reg. of Saint Augustine, François de (1489-1562)","",5,fiu_scrape
"(1) 1. AGAGIANIAN, Grégoire-Pierre XV",,,
"(28) 2. FERRERI, O.P., Carlo Vincenzo (1682-1742)",4,3,fiu_scrape
"(3) 2. SPINOLA, Orazio (1547?-1616)",9,3,fiu_scrape
"(22) 2. PIMENTEL ZÚÑIGA, O.P., Domingo (1584-1653)","",4,fiu_scrape
"(2) 2. SFORZA DI SANTA FIORA, Guido Ascanio (1518-1564)","","",fiu_scrape
(1630-1704),"","",fiu_scrape
"(52) 14. MONSENGWO PASINYA, Laurent",8,2,fiu_scrape
"(4) 4. FARNESE, Francesco Maria (1619-1647)",9,9,fiu_scrape
"(49) 1. VANNUTELLI, Serafino",,,
"(13) 9. GONZAGA, Sigismondo (1469-1525)",6,3,fiu_scrape
"(8) 1. FLEURY, André-Hercule de (1653-1743)",11,3,fiu_scrape
"(1) 1. PAMPHILJ, Camillo Francesco Maria (1622-1666)","","",fiu_scrape
"(2) 2. MELZI, Camillo (1582-1659)","","",fiu_scrape
"(6) 2. MARQUEMONT, Denis-Simon de (1572-1626)","","",fiu_scrape
"(38) 30. PISANI, Francesco (1494-1570)",8,7,fiu_scrape
"(8) 8. ROY, Maurice",3,,
"(67) 1. BOURBON-VENDÔME, Charles II de (1523-1590)","",5,fiu_scrape
"(13) 13. EZZATI ANDRELLO, S.D.B., Ricardo","","",fiu_scrape
"(103) 18. KOREC, S.J., Ján Chryzostom",,3,
(1631-1693),"","",fiu_scrape
"(33) 3. VISCONTI, Vitaliano (1618-1671)","","",fiu_scrape
"(25) 2. PARENTUCELLI, Tommaso (1397-1455)","","",fiu_scrape
"(20) 4. KÜNBURG, Maximilian Gandolph von (1622-1687)","","",fiu_scrape
"(132) 2. MARTINELLI, O.E.S.A., Sebastiano",,,
"(143) 6. DE GIORGI, Salvatore",8,3,
"(21) 1. BAYERN, Philipp Wilhelm von (1576-1598)",10,5,fiu_scrape
"(13) 10. OLEŚNICY, Zbigniew z (1389-1455)","","",fiu_scrape
"(50) 1. CARANDINI, Filippo (1729-1810)",9,5,fiu_scrape
"(16) 2. CRESCENZI, C.R.S., Alessandro (1607-1688)","","",fiu_scrape
"(28) 13. MARTINI, S.J., Carlo Maria",,2,
"(38) 1. DESPUIG Y DAMETO, Antonio (1745-1813)",8,,
"(38) 23. BETTI, O.F.M., Umberto","","",fiu_scrape
"(15) 15. O'HARA, C.S.C., John Francis",8,4,
"BROGLIE, Charles de (1733-1777)",6,4,fiu_scrape
"(18) 5. MANCINI, Francesco Maria (1606-1672)",>1,"",fiu_scrape
"(2) 1. BARBERINI, seniore, O.F.M.Cap., Antonio (1569-1646)","",>1,fiu_scrape
"(16) 7. GIUSTINIANI, Benedetto (1554-1621)",5,1,fiu_scrape
"(49) 10. FARRELL, Kevin Joseph",4,2,fiu_scrape
"(6) 5. ROSSI, Ippolito de' (1531-1591)","",3,fiu_scrape
"(7) 3. TARUGI, Orat., Francesco Maria (1525-1608)",3,3,fiu_scrape
"(7) 7. SALIÈGE, Jules-Géraud",5,4,
"(87) 3. THOTTUNKAL, Baselios Cleemis","","",fiu_scrape
"(56) 18. NYCZ, Kazimierz",3,1,
"(3) 3. MÜLLER, Gerhard Ludwig",4,"",fiu_scrape
"(59) 4. SOLÍS FOLCH DE CARDONA, Francisco de (1713-1775)",>1,"",fiu_scrape
"(17) 13. LORRAINE-VAUDÉMONT, Nicolas François de (1609-1670)","","",fiu_scrape
"(56) 6. ROMA, Giulio (1584-1652)",16,4,fiu_scrape
"(52) 2. BENTIVOGLIO, Guido (1579-1644)",8,1,fiu_scrape
"(13) 13. SACCHETTI, Urbano (1640-1705)","","",fiu_scrape
"(3) 2. ORSINI, Latino (ca. 1410-1477)","",4,fiu_scrape
"(8) 4. GIUSTINIANI, Orat., Orazio (1578-1649)",7,"",fiu_scrape
"(46) 7. COLONNA PAMPHILI, Pietro (1725-1780)",16,5,fiu_scrape
"(43) 4. BRANCIFORTE COLONNA, Antonio (1711-1786)","","",fiu_scrape
"(15) 7. SELLERI, O.P., Gregorio (1654-1729)","","",fiu_scrape
"(12) 12. POZZOBONELLI, Giuseppe (1696-1783)",4,"",fiu_scrape
"(30) 1. PIERBENEDETTI, Mariano (1538-1611)",>3,"",fiu_scrape
"(74) 20. KIM, Stephen Sou-hwan",8,8,
"(22) 1. CONTI, Michelangelo (1655-1724)","",2,fiu_scrape
"(69) 18. BOETTO, S.J., Pietro",6,,
"(13) 5. FINY, Francesco Antonio (1669-1743)","","",fiu_scrape
"(33) 1. CORIO, Marcellino (1664-1742)",3,1,fiu_scrape
"(55) 17. ASSIS, Raymundo Damasceno",10,,
"(12) 12. BRANCATI, O.F.M.Conv., Lorenzo (1612-1693)","","",fiu_scrape
"(2) 2. BALDISSERI, Lorenzo",5,5,fiu_scrape
"(41) 6. MACIEJOWSKI, Bernard (1548-1608)","","",fiu_scrape
"(12) 8. LORRAINE DE VAUDÉMONT, Charles II de (1561-1587)",>1,"",fiu_scrape
"(24) 5. FILONARDI, Filippo (1582-1622)",>2,"",fiu_scrape
"(181) 22. NAPIER, O.F.M., Wilfrid Fox",7,,
"(14) 4. SALVIATI, Gregorio (1722-1794)",6,2,fiu_scrape
"(14) 14. HEENAN, John Carmel",4,4,
"(199) 40. TUCCI, S.J., Roberto",,,
"(137) 7. PUZYNA, Jan",4,,
"(10) 10. MCCANN, Owen",,,
"(30) 12. SAVELLI, Paolo (1622-1685)","","",fiu_scrape
"(149) 12. PENGO, Polycarp",9,,
"(18) 15. FURIETTI, Giuseppe Alessandro (1684-1764)","","",fiu_scrape
"(16) 16. LANGLOIS, Chibly",4,1,fiu_scrape
"(49) 2. MENDOZA DE BOBADILLA, Francisco (1508-1566)","","",fiu_scrape
"(19) 2. KOLLONITSCH, Sigismund von (1677-1751)",7,7,fiu_scrape
"(18) 18. DÖPFNER, Julius",4,,
"(25) 9. CICERI, Carlo Stefano Anastasio (1616/1619-1694)","","",fiu_scrape
"(2) 2. SPINOLA, Agostino (ca. 1482-1537)",6,1,fiu_scrape
"(85) 31. NASALLI ROCCA DI CORNELIANO, Mario",4,4,
"(14) 14. RUFFO, Antonio Maria (1687-1753)",6,4,fiu_scrape
"(2) 1. CAETANI, Antonio (1566-1624)",7,"",fiu_scrape
"(7) 1. VISCONTI, Antonio Eugenio (1713-1788)","",>1,fiu_scrape
"(12) 3. XAVIERRE, O.P., Jerónimo (1546-1608)",>4,"",fiu_scrape
"(24) 24. GRIFFIN, Bernard William",5,,
"(90) 6. TAGLE, Luis Antonio Gokim","","",fiu_scrape
"(33) 14. GOMES FURTADO, Arlindo","",4,fiu_scrape
"(9) 7. CAMPEGGIO, Alessandro (1504-1554)",5,"",fiu_scrape
"(52) 7. MACULANI, O.P., Vincenzo (1578-1667)","","",fiu_scrape
"(4) 4. AGNIFILI, Amico (ca. 1398-1476)","","",fiu_scrape
"(50) 5. CESI, iuniore, Pierdonato (ca. 1583-1656)","","",fiu_scrape
"(14) 2. ZELADA, Francesco Saverio de (1717-1801)","","",fiu_scrape
"(56) 2. SCHERER, Alfredo Vicente",,2,
"(227) 26. OUELLET, P.S.S., Marc",8,,
"(45) 8. MALVEZZI, Vincenzo (1715-1775)",2,2,fiu_scrape
"(218) 17. BERTONE, S.D.B., Tarcisio",8,5,
"(59) 1. RICHARD DE LA VERGNE, François-Marie-Benjamin",11,,
"(50) 3. SCOTTI, Bernardino (1656-1726)","","",fiu_scrape
"(42) 19. COMMENDONE, Gianfrancesco (1523-1584)",4,1,fiu_scrape
"(17) 3. ROCCI, Bernardino (1627-1680)",>2,"",fiu_scrape
"(6) 3. BEAUFORT, Henry (ca. 1374/1375-1447)",4,2,fiu_scrape
"(33) 5. ORSINI, Giovanni Battista (before 1450-1503)",8,3,fiu_scrape
"(4) 4. GONZAGA, Ercole (1505-1563)",8,6,fiu_scrape
"(49) 11. RAVASI, Gianfranco",3,1,
"(76) 22. SALES, Eugênio de Araújo",>1,,
"(36) 3. ALBIZZI, Francesco (1593-1684)",5,4,fiu_scrape
"(5) 4. FORBIN DE JANSON, Toussaint de (1631-1713)","",3,fiu_scrape
"(75) 3. SALM-REIFFERSCHEIDT, Franziskus Xaver von (1749-1822)",10,,
"(46) 9. MATTEI, Luigi (1702-1758)",7,1,fiu_scrape
"(1) 1. LAMBRUSCHINI, C.R.S.P., Luigi (1776-1854)",,,
"(145) 8. ROUCO VARELA, Antonio María",4,,https://en.wikipedia.org/wiki/Antonio_Mar%C3%ADa_Rouco_Varela
"(7) 7. CENCI, seniore, Baldassare (1648-1709)",5,5,fiu_scrape
"(39) 13. PRIULI, Luigi (1650-1720)",8,2,fiu_scrape
"(20) 20. MONTI, Filippo Maria (1675-1754)","",2,fiu_scrape
"(34) 6. CAMBACÉRÈS, Étienne-Hubert de (1756-1818)",11,>1,
"(110) 3. POGGI, Luigi",6,,
"(6) 2. PRIULI, Lorenzo (1537-1600)",5,3,fiu_scrape
"(16) 2. D'ELCI, Francesco (1707-1787)",7,2,fiu_scrape
"(12) 12. YEOM SOO JUNG, Andrew",6,4,fiu_scrape
(1640-1706),"","",fiu_scrape
(1629-1713),6,1,fiu_scrape
"(12) 9. LANDRIANI CAPITANI, Gerardo (probably at the end of the 14th century-1445)",>3,"",fiu_scrape
"(2) 1. CUNHA, Can. Reg. of Saint Augustine, João Cosme da (1715-1783)","","",fiu_scrape
"(79) 18. TUMI, Christian Wiyghan",7,4,
"(23) 5. GHILINI, Tommaso Maria (1718-1787)",6,6,fiu_scrape
"(11) 11. CONFALONIERI, Carlo",,4,
"(74) 17. ESTAMPES DE VALENÇAY, Achille d' (1593-1646)",>4,"",fiu_scrape
"(56) 9. CESI, Federico (1500-1565)","","",fiu_scrape
"(70) 1. CIENFUEGOS VILLAZÓN, S.J., Álvaro (1657-1739)",5,"",fiu_scrape
"(124) 7. MATHIEU, François-Désiré",>1,,
"(10) 10. SFONDRATI, O.S.B., Celestino (1644-1696)","","",fiu_scrape
"(32) 12. BORROMEO, seniore, Giberto (1615-1672)",3,1,fiu_scrape
"(21) 18. GANGANELLI, O.F.M. Conv., Lorenzo (1705-1774)",4,2,fiu_scrape
"(22) 14. PONZETTI, Ferdinando (1444-1527)","","",fiu_scrape
"(6) 5. CESARINI, iuniore, Giuliano (1466-1510)","","",fiu_scrape
"(42) 3. OSORO SIERRA, Carlos",3,1,fiu_scrape
"(65) 1. GUISE DE LORRAINE, Charles I de (1524-1574)",>1,>1,fiu_scrape
"(4) 2. REZZONICO, Giovanni Battista (1740-1783)",5,4,fiu_scrape
"(20) 1. CARAFA, Decio (1556-1626)",5,1,fiu_scrape
"(25) 7. PALUZZI ALTIERI DEGLI ALBERTONI, Paluzzo (1623-1698)",2,1,fiu_scrape
"(9) 2. CHALLANT, Antonio de (ca. 1350-1418)",>2,"",fiu_scrape
"(61) 20. LANTE, Alessandro (1762-1818)",,,
"(17) 2. BASSO DELLA ROVERE, Girolamo (1434-1507)","","",fiu_scrape
"(75) 14. NEVES, O.P., Lucas Moreira",10,1,
"(42) 26. MEDICI, Francesco Maria de' (1660-1711)",4,4,fiu_scrape
"(65) 3. HARDJOATMODJO, Ignatius Suharyo",10,7,fiu_scrape
"(14) 1. LA TRÉMOILLE, Jean-François de (1465/1470-1507)",>1,>1,fiu_scrape
"(25) 6. CRESCENZI, Pier Paolo (1572-1645)",>3,"",fiu_scrape
"(175) 16. RUBIANO SÁENZ, Pedro",6,4,https://en.wikipedia.org/wiki/Pedro_Rubiano_S%C3%A1enz
"(53) 8. PERETTI DI MONTALTO, Francesco (1595-1655)","","",fiu_scrape
"(10) 2. SINCERO, Luigi",>2,,
"(28) 1. PÁZMÁNY, S.J., Péter (1570-1637)","","",fiu_scrape
"(37) 3. VENDÔME, Louis de (1612-1669)","","",fiu_scrape
"(18) 4. SPADA, Fabrizio (1643-1717)",>1,2,fiu_scrape
"(10) 10. GODFREY, William",>1,>1,
"(2) 2. PORTUGAL, Jaime de (1433-1459)",6,3,fiu_scrape
"(3) 3. CARPEGNA, Gasparo (1625-1714)",>1,"",fiu_scrape
"(6) 2. LA BAUME, Claude de (1534-1584)","",2,fiu_scrape
"(4) 2. NARDINI, Stefano (about 1420-1484)",4,"",fiu_scrape
"(5) 4. PIATTI, Flaminio (1550 or 1552-1611)","","",fiu_scrape
"(20) 1. ASTALLI-PAMPHILJ, Camillo (1616 or 1619-1663)","","",fiu_scrape
"(62) 4. BENTIVOGLIO, Cornelio (1668-1732)",7,5,fiu_scrape
"(4) 3. ADDA, Ferdinando d' (1650-1719)","","",fiu_scrape
"(65) 1. DUGNANI, Antonio (1748-1818)",2,1,fiu_scrape
"(23) 4. BONSI, Jean de (1554-1621)","","",fiu_scrape
"(8) 5. LUXEMBOURG, Louis de (1390/1397-1443)",>1,>1,fiu_scrape
"(63) 8. RODT, Franz Konrad Kasimir Ignaz von (1706-1775)","","",fiu_scrape
"(41) 3. CARPEGNA, Ulderico (1595-1679)","","",fiu_scrape
"(21) 6. LEBRÚN MORATINOS, José Alí",5,1,
"(43) 4. ROCHA, Sérgio da","","",fiu_scrape
"(26) 7. SUÁREZ INDA, Alberto",11,11,fiu_scrape
"(27) 1. PICO DELLA MIRANDOLA, Lodovico (1668-1743)",9,8,fiu_scrape
"(77) 15. BETORI, Giuseppe",4,2,
"(61) 3. SPINOLA, Giorgio (1667-1739)","","",fiu_scrape
"(39) 4. MORAN, Francis Patrick",5,,
"(1) 1. CIBO DE' MARI, Lorenzo (1450/1451-1503)","","",fiu_scrape
"(5) 1. MAZOWIECKI, Aleksander (1400-1444)","",>1,fiu_scrape
"(22) 19. CARACCIOLO, Giovanni Costanzo (1715-1780)",14,14,fiu_scrape
"(12) 12. CARBONE, Guglielmo (?-1418)",>1,"",fiu_scrape
"(2) 2. FALCONIERI, Alessandro (1657-1734)","","",fiu_scrape
"(40) 1. MORONE, Giovanni Girolamo (1509-1580)","","",fiu_scrape
"(35) 16. PIMIENTO RODRÍGUEZ, José de Jesús","","",fiu_scrape
"(21) 1. GONDI DE RETZ, Jean-François-Paul de (1613-1679)","","",fiu_scrape
"(66) 4. GARCÍA RODRÍGUEZ, Juan de la Caridad",6,1,fiu_scrape
"(182) 23. RODRÍGUEZ MARADIAGA, S.D.B., Óscar Andrés",4,3,
"(24) 2. GAMBA, Giuseppe",3,1,
"(51) 12. CANALI, Saverio (1695-1773)","",>1,fiu_scrape
"(159) 22. PUJATS, Jānis",8,,
"(48) 9. PIAT, C.S.Sp., Maurice",>1,>1,fiu_scrape
"(15) 15. QUEVEDO, O.M.I., Orlando Beltran",4,4,fiu_scrape
"(2) 2. BORROMEO, Carlo (1538-1584)",6,3,fiu_scrape
"(7) 4. ACCIAIOLI, Filippo (1700-1766)",6,3,fiu_scrape
"(14) 1. ALTIERI, Lorenzo (1671-1741)",>3,2,fiu_scrape
"(41) 4. TEMPI, Luca Melchiore (1688-1762)",4,3,fiu_scrape
"(13) 10. LUSIGNAN, Hugues de (1380/1385-1442)",12,5,fiu_scrape
"(5) 5. GUIDOBONO CAVALCHINI, Carlo Alberto (1683-1774)","","",fiu_scrape
"(81) 19. MUREŞAN, Lucian",12,10,fiu_scrape
"(32) 3. LORRAINE-VAUDÉMONT, Charles III de (1567-1607)",9,2,fiu_scrape
"(122) 5. FRANCICA-NAVA DI BONTIFÈ, Giuseppe",,,
"(32) 1. CAPECE ZURLO, Theat., Giuseppe Maria (1711-1801)",6,6,fiu_scrape
"(33) 19. SFORZA, Francesco (1562-1624)","","",fiu_scrape
"(17) 17. COLONNA DI SCIARRA, Prospero (1707-1765)",,,
"(82) 20. RIES, Julien","","",fiu_scrape
"(10) 2. PICCOLOMINI, Giovanni (1475-1537)",6,2,fiu_scrape
"(87) 12. CANTALAMESSA, O.F.M.Cap., Raniero",2,"",fiu_scrape
"(86) 1. SODANO, Angelo",6,2,
"(21) 3. FRANKENBERG, Johann Heinrich von (1726-1804)","","",fiu_scrape
"(219) 18. TURKSON, Peter Kodwo Appiah",10,4,
"(45) 10. DELFINO, Giovanni (1545-1622)",6,2,fiu_scrape
"(11) 7. CORNARO, iuniore, Federico (1579-1653)",11,1,fiu_scrape
"(4) 3. CASONI, Lorenzo (1645-1720)","","",fiu_scrape
"(26) 2. ISVALIES, Pietro (?-1511)","","",fiu_scrape
"(87) 33. DANIÉLOU, S.J., Jean",,,
"(3) 2. MAGALOTTI, Lorenzo (1584-1637)","","",fiu_scrape
"(63) 12. CANALI, Nicola",3,2,
"(43) 5. BALDELLI, Fortunato",7,,
"(55) 14. DE GREGORIO, Emmanuele (1758-1839)",7,4,
"(39) 5. COLONNA, Nicola (1730-1796)",7,4,fiu_scrape
"(15) 11. ÁVILA MÚXICA, Francisco de (1548?-1606)",>1,"",fiu_scrape
"(18) 3. PIERI, O.S.M., Pietro Maria (1676-1743)","","",fiu_scrape
"(29) 11. CELSI, Angelo (1600-1671)","","",fiu_scrape
"(43) 6. ENRIQUEZ, Enrico (1701-1756)",2,2,fiu_scrape
"(9) 7. ARCIMBOLDO, Giovanni (Toward the end of 1426-1488)",3,"",fiu_scrape
"(14) 10. BIANCHETTI, Lorenzo (1545-1612)",>1,"",fiu_scrape
"(1) 1. ANTONELLI, Leonardo (1730-1811)",3,3,fiu_scrape
"(45) 7. FRANCIOTTI, Marcantonio (1592-1666)","",2,fiu_scrape
"(15) 12. FANTUZZI, Gaetano (1708-1778)",4,>1,fiu_scrape
"(18) 18. SEBASTIÁN AGUILAR, C.M.F., Fernando","","",fiu_scrape
"(1) 1. FONSECA, Pedro (second half of the 14th century-1422)","","",fiu_scrape
"(33) 10. SFORZA, Alessandro (1534-1581)",>1,"",fiu_scrape
"(134) 27. TONINI, Ersilio",5,3,
"(54) 2. LORENZANA Y BUTRÓN, Francisco Antonio de (1722-1804)",>1,"",fiu_scrape
"(96) 2. SANCHA Y HERVÁS, Ciriaco María",7,,
"(23) 20. PERELLI, Niccolò (1696-1772)","","",fiu_scrape
"(167) 8. MEJÍA, Jorge María",5,2,
"(31) 1. ANTAMORI, Paolo Francesco (1712-1795)","","",fiu_scrape
"(72) 1. RUFFO-SCILLA, Fulco Luigi",4,3,
"(33) 8. ROHAN-GUÉMÉNÉE-MONTBAZON, Louis-César-Constantin de (1697-1779)",13,7,fiu_scrape
"(16) 1. ALDROVANDI, Pompeio (1668-1752)",4,2,fiu_scrape
"(24) 10. VALIER, Agostino (1531-1606)",4,1,fiu_scrape
"AZZOLINI, Lorenzo (1583-1632)","","",fiu_scrape
"(20) 1. MAMBERTI, Dominique",1,1,fiu_scrape
"(7) 7. LACROIX, of the Secular Institute Pius X, Gérald Cyprien",7,1,fiu_scrape
"(96) 11. ANGELINI, Fiorenzo",4,3,
"(6) 3. CASTIGLIONE, Giovanni (1420-1460)",5,1,fiu_scrape
"(63) 3. PORTUGAL, Henrique de (1512-1580)",8,5,fiu_scrape
"(34) 1. COLONNA, Prospero (1672-1743)",7,2,fiu_scrape
"(142) 5. STAFFORD, James Francis",1,1,
"(17) 17. CAPOVILLA, Loris Francesco",2,"",fiu_scrape
"(30) 15. GLEMP, Józef",4,,
"(36) 3. ARINZE, Francis",7,3,
"(61) 28. PAVAN, Pietro",10,3,
"(32) 1. SCHUSTER, O.S.B., Alfredo Ildefonso",2,,
"(17) 1. JIMÉNEZ DE CISNEROS, O.F.M.Obs., Francisco (1447?-1517)",>2,"",fiu_scrape
"(12) 4. LAMBERTINI, Prospero Lorenzo (1675-1758)","","",fiu_scrape
"(18) 1. GARA DELLA ROVERE, Sisto (1473-1517)","","",fiu_scrape
"(14) 14. DERY, Peter Poreku",10,4,
(1752-1829),7,3,
"(2) 1. PÉREZ CALVILLO, Fernando (second third of the 14th century-1404)","","",fiu_scrape
"(6) 5. FIESCHI, Lorenzo (1642-1726)","","",fiu_scrape
"(43) 2. D'AQUINO, Ladislao (1543-1621)",9,2,fiu_scrape
"(70) 9. TSARAHAZANA, Désiré","","",fiu_scrape
"(148) 11. TETTAMANZI, Dionigi",3,,
"(19) 7. ARAGÓN, Antonio de (1616-1650)","",7,fiu_scrape
"(53) 20. WETTER, Friedrich",3,3,
"(12) 11. ALBANI, Gianfrancesco (1649-1721)","","",fiu_scrape
"(21) 3. KOT Z DĘBNA, Wincenty (ca. 1395-1448)","","",fiu_scrape
"(16) 12. NIÑO DE GUEVARA, Fernando (1541-1609)",4,3,fiu_scrape
"(2) 1. ESPINOSA Y ARÉVALO, Diego (1502-1572)",4,"",fiu_scrape
(1639-1709),"","",fiu_scrape
"(7) 7. CAÑIZARES LLOVERA, Antonio","",3,fiu_scrape
"(4) 3. MASSEI, Bartolomeo (1663-1745)",3,3,fiu_scrape
"(36) 2. DORIA PAMPHILJ, Giuseppe Maria (1751-1816)",3,3,fiu_scrape
"(33) 17. DENHOFF, Jan Kazimierz (1649-1697)",5,"",fiu_scrape
"(46) 1. MACCHIAVELLI, Francesco Maria (1608-1653)",7,2,fiu_scrape
"(23) 9. SALVIATI, Antonmaria (1537-1602)",4,>1,fiu_scrape
"(52) 15. LIVIZZANI, Giuseppe (1688-1754)",6,6,fiu_scrape
"(6) 1. SANSEVERINO, O.S.Io.Hieros., Antonio (ca. 1477-1543)",5,4,fiu_scrape
"(49) 2. ROJAS de SANDOVAL, Francisco Gómez (1553-1625)","","",fiu_scrape
"(15) 15. VILLOT, Jean",1,1,
"(68) 7. MARTO, António Augusto dos Santos","","",fiu_scrape
"(84) 30. WILLEBRANDS, Johannes",9,1,
"(8) 4. BANDINI, Ottavio (1558-1629)",12,4,fiu_scrape
"(3) 3. CHIGI, Sigismondo (1649-1678)","","",fiu_scrape
"(11) 2. LA ROCHEFOUCALD, François de (1558-1645)",4,2,fiu_scrape
(1642-1707),2,2,fiu_scrape
"(45) 6. D'ROZARIO, C.S.C., Patrick",8,8,fiu_scrape
"(3) 3. MOERS, Walram von (1393-1456)",>2,"",fiu_scrape
"PALLAVICINI, Lazzaro (1686-1744)",7,2,fiu_scrape
"(33) 8. CÂMARA, José Manoel da (1685-1758)","","",fiu_scrape
"(10) 7. CASONI, Filippo (1733-1811)",2,1,
"(9) 5. ZACCHIA, Laudivio (1565-1637)","","",fiu_scrape
"(25) 4. BEATON, David (1494-1546)",11,3,fiu_scrape
"(45) 1. ERBA-ODESCALCHI, Benedetto (1679-1740)",5,"",fiu_scrape
"(35) 3. LAVITRANO, Luigi",>1,,
"(6) 6. RICARD, Jean-Pierre","","",fiu_scrape
"(6) 1. BOXADORS, O.P., Juan Tomás de (1703-1780)",11,10,fiu_scrape
"(24) 3. BORJA LANZOL DE ROMANÍ, O.S.Io.Hieros., Pedro Luis (1472-1511)",8,3,fiu_scrape
"(18) 14. MANTICA, Francesco (1534-1614)","","",fiu_scrape
"(6) 6. LIECHTENSTEIN-NICOLSBURG, Georg von (ca. 1360-1419)",>3,>3,fiu_scrape
"(12) 11. SACHSEN-ZEITZ, Christian August von (1666-1725)",12,8,fiu_scrape
"(25) 10. LÓPEZ TRUJILLO, Alfonso",>2,,
"(220) 19. TOPPO, Telesphore Placidus",10,8,
"(38) 1. BUFALINI, Giovanni Ottavio (1709-1782)",3,3,fiu_scrape
"(11) 4. CUEVA-BENAVIDES Y MENDOZA-CARRILLO, Alfonso de la (1574-1655)","","",fiu_scrape
"(116) 9. SUÁREZ RIVERA, Adolfo Antonio",6,,
"(9) 8. BICHI, Carlo (1639-1718)","","",fiu_scrape
"(44) 18. POLIGNAC, Melchior de (1661-1741)","","",fiu_scrape
"(33) 9. CORNARO, Marco (1482-1524)",11,3,fiu_scrape
"(16) 1. CRAMAUD, Simon de (ca. 1345-1422)",3,2,fiu_scrape
(1633-1710),"","",fiu_scrape
"(18) 8. ALTIERI, Vincenzo Maria (1724-1800)",8,3,fiu_scrape
"(52) 13. VETERANI, Benedetto (1703-1776)",6,1,fiu_scrape
"(7) 7. DELLA ROVERE, O.F.M.Conv., Francesco (1414-1484)","","",fiu_scrape
"(31) 6. TROYER, Ferdinand Julius (1698-1758)","","",fiu_scrape
"(46) 5. PRIULI, Matteo (1577-1624)",5,1,fiu_scrape
"(29) 21. NUMAI, O.F.M.Obs., Cristoforo (mid-fifteenth century-1528)",>4,>1,fiu_scrape
"(17) 2. CENCI, Serafino (1676-1740)",6,3,fiu_scrape
"(9) 9. STRITCH, Samuel Alphonse",8,,
"(3) 3. BORJA Y BORJA, Rodrigo de (1430/1432-1503)","","",fiu_scrape
"(12) 11. JAGIELLOŃCZYK, Fryderyk (1468-1503)",13,9,fiu_scrape
"(9) 3. CARDONA I DE ARAGÓN, Jaime Francisco de (ca. 1405-1466)","","",fiu_scrape
"(9) 7. CARACCIOLO, Marino Ascanio (1468-1538)",10,2,fiu_scrape
"(29) 3. CUSANI, Agostino (1655-1730)","","",fiu_scrape
"(40) 1. CALINI, Ludovico (1696-1782)",8,5,fiu_scrape
"(48) 15. DESKUR, Andrzej Maria",5,,
(1636-1704),"","",fiu_scrape
"(62) 7. POTIER DE GESVRES, Étienne-René (1697-1774)","","",fiu_scrape
"(30) 15. ROBLES ORTEGA, Francisco",16,3,
"(9) 5. ALIDOSI, Francesco (ca. 1455/1460-1511)","",3,fiu_scrape
"(58) 20. MARX, Reinhard",3,2,
"(12) 3. CASANATE, Girolamo (1620-1700)","","",fiu_scrape
"(17) 14. SZÉCSI, Dénes (1400-1465)",8,6,fiu_scrape
"(40) 14. TOMASI DI LAMPEDUSA, Theat., Giuseppe Maria (1649-1713)",6,1,fiu_scrape
"(21) 1. BORBÓN Y FARNESIO, Luis Antonio Jaime de (1727-1785)",7,6,fiu_scrape
"(26) 1. ALBANI, Annibale (1682-1751)","","",fiu_scrape
"(71) 14. RONDININI, Paolo Emilio (1617-1668)","","",fiu_scrape
"(23) 2. MEDICI, Ferdinando de' (1549-1609)",>1,"",fiu_scrape
"(10) 6. ESCARS DE GIVRY, O.S.B., Anne d' (1546-1612)","","",fiu_scrape
"(36) 28. RANGONE, Ercole (ca. 1491-1527)","",6,fiu_scrape
"(4) 3. COËTIVY, Alain de (1407--1474)","","",fiu_scrape
"(194) 35. EGAN, Edward Michael",4,3,https://en.wikipedia.org/wiki/Edward_Egan
"(17) 3. CAMBOUT, Pierre de (1636-1706)","",>1,fiu_scrape
"(1) 1. DELLA ROVERE, Domenico (1442-1501)","","",fiu_scrape
"(26) 1. CÓRDOBA ESPÍNOLA DE LA CERDA, Buenaventura de (1724-1777)",7,5,fiu_scrape
"(22) 1. BEVILACQUA, Bonifazio (1571-1627)",8,5,fiu_scrape
"(47) 4. FOSSATI, O.Ss.C.G.N., Maurilio",10,,
"(11) 11. CAFFARRA, Carlo",4,,
"(11) 2. GASTALDI, Girolamo (1616-1685)","","",fiu_scrape
"(18) 4. MARGOTTI, Lanfranco (1559-1611)",>4,"",fiu_scrape
"(66) 5. KRAJEWSKI, Konrad",2,2,fiu_scrape
"(34) 1. SPADA, Giambattista (1597-1675)","","",fiu_scrape
"(4) 3. FARNESE, Odoardo (1573-1626)",3,3,fiu_scrape
"(18) 1. GATTINARA, Mercurino Arborio di (1465-1530)",7,"",fiu_scrape
"(34) 8. CORRADINI, Pier Marcellino (1658-1743)","","",fiu_scrape
"(4) 1. AUSTRIA, Albrecht von (1559-1621)",>2,"",fiu_scrape
"(28) 28. PREYSING, Konrad von",>2,,
"(3) 1. CIOCCHI DEL MONTE, Cristoforo Guidalotti (1484-1564)",6,"",fiu_scrape
"(17) 6. BARBERINI, Benedetto (1788-1863)",10,10,
"(39) 4. SPINELLI, Filippo (1566-1616)",5,1,fiu_scrape
"(48) 1. THIARD DE BISSY, Henri-Pons de (1657-1737)","","",fiu_scrape
"(8) 8. NEWMAN, Orat., John Henry",6,1,
"(40) 5. CRISTOFORI, Carlo",,,
"(11) 2. LÉNONCOURT, Philippe de (1527-1592)",>1,"",fiu_scrape
"(29) 2. LA BAUME, Pierre de (1477-1544)","",>1,fiu_scrape
"(20) 17. ANTONELLI, Niccolò Maria (1698-1767)",3,2,fiu_scrape
"(58) 2. OMELLA OMELLA, Juan José",3,"",fiu_scrape
"(56) 17. SIMONI, Ernest","","",fiu_scrape
"(5) 5. CACCIA, Federico (1635-1699)","","",fiu_scrape
"(2) 2. CONDULMER, Can. Reg. of Saint Augustine of S. Giorgio in Alga, Gabriele (ca. 1383-1447)",4,"",fiu_scrape
"(40) 10. ORSINI, Alessandro (1592-1626)",11,11,fiu_scrape
"(140) 10. CAVAGNIS, Felice",,1,
"(151) 14. RIVERA CARRERA, Norberto",>1,,
"(38) 5. INNOCENTI, Antonio",1,1,
"(5) 2. BONCOMPAGNI-LUDOVISI, Ignazio (1743-1790)",9,7,fiu_scrape
"(28) 5. COLONNA, Giovanni (1456-1508)","","",fiu_scrape
"(25) 7. SAULI, Bandinello (ca. 1494-1518)",6,4,fiu_scrape
"TRIE, Guillaume de (?-1334)","","",fiu_scrape
"(37) 10. BORJA Y ARAGÓN, Enrique de (1518-1540)",>1,"",fiu_scrape
"(6) 4. GONZÁLEZ DE MENDOZA, Pedro (1428-1495)","",5,fiu_scrape
"(178) 19. BAČKIS, Audrys Juozas",2,2,
"(14) 1. WARTENBERG, Franz Wilhelm von (1593-1661)",>1,1,fiu_scrape
"(41) 25. SLUSE, Johannes Walter (1628-1687)",>1,>1,fiu_scrape
"(2) 2. AICARDI VISCONTI, Bartolomeo (1402-1457)",>1,"",fiu_scrape
"(4) 3. CARAFA, Diomede (1492-1560)",4,2,fiu_scrape
(1626-1700),"","",fiu_scrape
"(7) 5. DU BELLAY, Jean (1492-1560)",4,2,fiu_scrape
"(39) 6. GUALTERIO, Carlo (1613-1673)","","",fiu_scrape
"(21) 10. CRISTALDI, Belisario (1764-1831)",4,4,
"(51) 4. MARINI, Carlo Maria (1677-1747)","","",fiu_scrape
"(69) 8. BARRETO JIMENO, S.J., Pedro Ricardo",6,2,fiu_scrape
"(48) 10. DE PAOLIS, C.S., Velasio",5,"",fiu_scrape
"(44) 5. PUCCI, Roberto (1464-1547)","","",fiu_scrape
"JEŻ, Ignacy Ludwik","","",fiu_scrape
"(4) 4. GIROLAMI, Raffaele Cosimo de' (1670-1748)",2,2,fiu_scrape
"(24) 16. PASSERINI, Silvio (1469-1529)",7,3,fiu_scrape
"(174) 15. AGNELO, Geraldo Majella",8,3,
"(198) 39. HONORÉ, Jean",8,8,
"(74) 3. HINSLEY, Arthur",4,2,
"(88) 4. ONAIYEKAN, John Olorunfemi","","",fiu_scrape
"(20) 15. GIUSTINIANI, O.P., Vincenzo (1519-1582)","","",fiu_scrape
"(37) 4. FRESNO LARRAÍN, Juan Francisco",5,4,
"(18) 3. LAJOLO, Giovanni","","",fiu_scrape
"(3) 3. ROSPIGLIOSI, Giulio (1600-1669)","","",fiu_scrape
"(48) 7. MAZZELLA, S.J., Camillo",,,
"(19) 5. AGUILAR FERNÁNDEZ DE CÓRDOBA, Alfonso (1653-1699)","",2,fiu_scrape
"(29) 14. GRACIAS, Oswald","","",fiu_scrape
"(3) 3. CASTELNAU DE CLERMONT-LUDÈVE, François Guillaume de (1480-1541)","",4,fiu_scrape
"(23) 5. JACOBINI, Angelo",,,
"(8) 7. LANTE, Marcello (1561-1652)",9,7,fiu_scrape
"(31) 4. GAMBARA, Uberto (1489-1549)",7,1,fiu_scrape
"(63) 1. RUFFO, Fabrizio (1744-1827)",10,2,fiu_scrape
"(7) 2. ALTIERI, Emilio Bonaventura (1590-1676)","","",fiu_scrape
"(179) 20. ERRÁZURIZ OSSA, of the Institute of the Fathers of Schönstatt, Francisco Javier",6,2,
"(59) 9. PIGNATELLI, Stefano (1578-1623)",3,"",fiu_scrape
"(42) 1. LUDOVISI, Alessandro (1554-1623)","",3,fiu_scrape
"(1) 1. ALTIERI, iuniore, Giambattista (1673-1740)","","",fiu_scrape
"(25) 2. SANVITALE, Antonio Francesco (1660-1714)","","",fiu_scrape
"(15) 1. CORNARO, seniore, Francesco (1478-1543)",>1,"",fiu_scrape
"(61) 6. ALBERT DE LUYNES, Paul d' (1703-1788)",4,4,fiu_scrape
"(71) 7. RINUCCINI, Giovanni (1743-1801)",4,4,fiu_scrape
"(1) 1. BOURCHIER, Thomas (ca. 1412-1486)",>2,>2,fiu_scrape
"(42) 16. CASINI, O.F.M.Cap., Francesco Maria (1648-1719)","","",fiu_scrape
"(9) 6. SPINOLA, Girolamo (1713-1784)",5,2,fiu_scrape
"(5) 4. CARAFA, Antonio (1538-1591)",>1,"",fiu_scrape
"(9) 1. QUIRINI, O.S.B.Cas., Angelo Maria (1680-1755)",3,3,fiu_scrape
"(37) 21. CORSI, Domenico Maria (1633-1697)","","",fiu_scrape
"(6) 1. NERLI, seniore, Francesco (1595-1670)",>2,>1,fiu_scrape
"(28) 5. PISANI, Luigi (1522-1570)",8,1,fiu_scrape
"(39) 2. BOSCHI, Giovanni Carlo (1715-1788)","","",fiu_scrape
"(131) 24. SANDOVAL ÍÑIGUEZ, Juan",12,,
"(53) 15. ROMEO, Paolo",9,5,
"(33) 4. LA CHAMBRE, O.S.B., Philippe de (ca.1490-1550)","",4,fiu_scrape
"(126) 19. CARLES GORDÓ, Ricardo María",2,2,
"(3) 2. GRIMALDI, Girolamo (1674-1733)",5,1,fiu_scrape
"(5) 1. CASALI, Antonio (1715-1787)",7,2,fiu_scrape
"(4) 4. AGOSTINI, Stefano (1614-1683)",8,5,fiu_scrape
"(25) 10. MARTÍNEZ SISTACH, Lluís",3,,
"(26) 1. CIBO, Camillo (1681-1743)","","",fiu_scrape
"(37) 2. NEGRONI, Andrea (1710-1789)",2,1,fiu_scrape
"(27) 8. BO, S.D.B., Charles Maung",>1,>1,fiu_scrape
"(22) 1. HURTADO DE MENDOZA Y QUIÑONES, Diego (1444-1502)","","",fiu_scrape
"(39) 12. SILVA, Miguel da (1480-1556)",7,2,fiu_scrape
"(73) 11. ALENCHERRY, George",10,6,
"(28) 3. SIMONETTI, Raniero Felice (1675-1749)",5,4,fiu_scrape
"(36) 6. MOSCOSO Y SANDOVAL, Baltasar (1589-1665)",10,2,fiu_scrape
"(7) 3. GROSSO DELLA ROVERE, Leonardo (1463-1520)",>1,"",fiu_scrape
"(3) 3. TIBERI, Francesco (1773-1839)",,2,
"(18) 17. FABRONI, Carlo Agostino (1651-1727)","","",fiu_scrape
"(89) 4. CASSIDY, Edward Idris",2,1,
"(2) 2. FERNÁNDEZ DE PORTOCARRERO, Joaquín (1681-1760)",7,4,fiu_scrape
(1582-1625),15,4,fiu_scrape
"(20) 6. HOWARD OF NORFOLK, O.P., Philip Thomas (1616-1694)","",3,fiu_scrape
"(1) 1. LUDOVISI, Ludovico (1595-1632)","","",fiu_scrape
(1608-1657),6,"",fiu_scrape
"(69) 1. BORJA-CENTELLES Y PONCE DE LEÓN, Carlos de (1663-1733)","",4,fiu_scrape
"(52) 1. LOMÉNIE DE BRIENNE, Étienne-Charles de (1727-1794)",3,2,fiu_scrape
"(13) 4. BALDESCHI COLONNA, Federico (1625-1691)","","",fiu_scrape
"(62) 1. FLANGINI, Ludovico (1733-1804)","","",fiu_scrape
"(23) 4. DEW, John Atcherley",3,"",fiu_scrape
"(31) 5. ZONDADARI, Antonfelice (1665-1737)","","",fiu_scrape
"(5) 2. FERNÁNDEZ DE PORTOCARRERO, Luis Manuel (1635-1709)",4,2,fiu_scrape
"(38) 3. ZAPATA Y CISNEROS, Antonio (1550-1635)",7,1,fiu_scrape
"(16) 16. COLONNA DI SCIARRA, Girolamo (1708-1763)",,,
"(30) 5. ROHAN-SOUBISE-VENTADOUR, François-Armand-Auguste de (1717-1756)",5,2,fiu_scrape
"(15) 10. ACQUAVIVA D'ARAGONA, Giulio (1546-1574)","","",fiu_scrape
"(34) 1. ARCHETTI, Giovanni Andrea (1731-1805)","","",fiu_scrape
"(69) 2. MEDICI, Giovanni Angelo de' (1499-1565)",11,2,fiu_scrape
"(31) 10. BONVISI, Bonviso (1551-1603)",>1,"",fiu_scrape
"(30) 3. PAOLI, O.Carm., Angelo (1642-1720)",7,"",fiu_scrape
"(74) 1. GUARINO, Giuseppe",5,2,
"(20) 2. CIOCCHI DEL MONTE, Antonio Maria (1461/1462-1533)",>2,>2,fiu_scrape
"(3) 2. PIERRE DE BERNIS, François-Joachim de (1715-1794)","","",fiu_scrape
"(16) 4. VIDMAN, Cristoforo (1617-1660)","","",fiu_scrape
"(3) 2. ALBANI, O.S.Io.Hieros., Alessandro (1692-1779)",9,9,fiu_scrape
"(30) 6. TRIVULZIO, seniore, Can. Reg. of Sant'Antonio, Antonio (1449-1508)","","",fiu_scrape
"(16) 6. GERDIL, C.R.S.P., Hyacinthe Sigismond (1718-1802)","","",fiu_scrape
"(55) 4. MAGLIONE, Luigi",>1,,
"(61) 10. GOMÁ TOMÁS, Isidro",9,4,
"(37) 22. NAVARRETE CORTÉS, S.J., Urbano",6,4,
"(70) 1. MERCATI, Giovanni",7,3,
"(22) 1. ÁLVAREZ DE TOLEDO, O.P., Juan (1488-1557)","","",fiu_scrape
"(25) 2. CZACKI, Włodzimierz",6,,
"(6) 1. ROHAN CHABOT, Louis-François-Auguste de (1788-1833)",7,1,
"(35) 2. LOURDUSAMY, Duraisamy Simon",12,7,
"(28) 7. DIETRICHSTEIN, Franz Seraph von (1570-1636)",13,9,fiu_scrape
"(58) 4. GRAY, Gordon Joseph",3,3,
"(40) 7. MAYER, O.S.B., Paul Augustin",3,,
"(26) 11. DANNEELS, Godfried",6,1,
"(32) 11. ESCOUBLEAU DE SOURDIS, François d' (1574-1628)","",1,fiu_scrape
"(26) 8. PETRUCCI, Alfonso (1491-1517)",11,2,fiu_scrape
"(56) 1. BORROMEO, Giberto Bartolomeo (1671-1740)",9,5,fiu_scrape
"(20) 2. LA ROCHEFOUCAULD, Dominique de (1712-1800)",11,8,fiu_scrape
"(16) 1. SANDRI, Leonardo","","",fiu_scrape
"(44) 5. PALLAVICINI, Lazzaro Opizio (1719-1785)",3,3,fiu_scrape
"(35) 2. SACRIPANTE, Carlo Maria (1689-1758)",10,1,fiu_scrape
"(14) 6. DELLA VALLE, Andrea (1463-1534)",4,2,fiu_scrape
"(22) 2. ARCHINTO, Giuseppe (1651-1712)",14,4,fiu_scrape
"(53) 2. PATRIZI, Giambattista (1658-1727)",8,6,fiu_scrape
"(4) 3. SERRA, Pedro (second third of the 14th century-1404)","","",fiu_scrape
"(26) 7. SERRA, Giacomo (around 1570-1623)",6,3,fiu_scrape
"(30) 22. VICH Y DE VALTERRA, Guillén-Ramón de (1460/1470-1525)","","",fiu_scrape
"(16) 13. ESTE, Luigi d' (1538-1586)",5,2,fiu_scrape
"(33) 1. CEREJEIRA, Manuel Gonçalves",8,,
"(24) 21. COLONNA, iuniore, Marcantonio (1724-1793)",15,4,fiu_scrape
"(7) 7. VISCONTI, Federico (1617-1693)",>6,1,fiu_scrape
"(1) 1. PAROLIN, Pietro",3,"",fiu_scrape
"(122) 15. WAMALA, Emmanuel",10,,
"(60) 4. MANGKHANEKHOUN, I.D.V., Louis Marie Ling",6,"",fiu_scrape
"(60) 2. MAILLY, François de (1658-1721)","",3,fiu_scrape
"(120) 13. EYT, Pierre",3,1,
"(8) 5. TEBALDI, Giacomo (?-1465)",>1,>1,fiu_scrape
"(85) 1. HARVEY, James Michael",5,1,
"(8) 8. PALEOLOGO DI MONTFERRATO, Teodoro (1425-1484)",6,4,fiu_scrape
"(7) 3. HARRACH, Ernest Adalbert von (1598-1667)","",2,fiu_scrape
"(8) 2. ARCHINTO, Giovanni (1736-1799)",4,2,fiu_scrape
"(72) 8. LANCELLOTTI, Filippo (1732-1794)",8,2,fiu_scrape
"LAUD, William (1573-1645)",1,1,fiu_scrape
"(176) 17. MCCARRICK, Theodore Edgar",1,1,https://www.britannica.com/biography/Theodore-McCarrick
"(30) 4. PIAZZA, Giulio (1663-1726)","","",fiu_scrape
"(8) 2. ORSINI, O.P., Vincenzo Maria (1649-1730)","","",fiu_scrape
"(92) 4. AVELINE, Jean-Marc",3,"",fiu_scrape
"(99) 14. BEVILACQUA, Anthony Joseph",11,9,
"(172) 13. GONZÁLEZ ZUMÁRRAGA, Antonio José",8,,
"(32) 24. CESI, Paolo Emilio (1481-1537)",12,1,fiu_scrape
"(73) 1. DELLA SOMAGLIA, Giulio Maria (1744-1830)","","",fiu_scrape
"(7) 7. PECCI, S.J., Giuseppe",7,5,
"(17) 17. KÖNIG, Franz",5,1,
"(100) 15. SALDARINI, Giovanni",3,1,
"(30) 1. VALENTI GONZAGA, Silvio (1690-1756)",4,2,fiu_scrape
"(1) 1. MILÀ, Lluís Joan del (ca. 1432/1433-1510)",9,4,fiu_scrape
"(101) 16. DALY, Cahal Brendan",7,3,
"BUONDELMONTE, Filippo (1691-1741)","","",fiu_scrape
"(14) 11. FERRERO, Pier Francesco (1510/1513-1566)",>1,"",fiu_scrape
"(44) 6. UBALDI, Benedetto (1588-1644)","","",fiu_scrape
"(15) 1. BRASCHI, Giovanni Angelo (1717-1799)",8,1,fiu_scrape
"(2) 1. DUBOIS, Guillaume (1656-1723)",4,2,fiu_scrape
"(29) 1. PASSIONEI, Domenico Silvio (1682-1761)",2,2,fiu_scrape
"(14) 1. PASSERI, Marcello (1678-1741)","","",fiu_scrape
"(42) 1. DELLA GENGA, Annibale (1760-1829)",10,6,
"(28) 2. DAVIA, Gianantonio (1660-1740)","",2,fiu_scrape
"(32) 5. NARO, Gregorio (1581-1634)","","",fiu_scrape
"(67) 3. MAURY, Jean-Siffrein (1746-1817)",4,"",fiu_scrape
"(68) 1. VERALLO, Girolamo (1497-1555)",12,1,fiu_scrape
"(57) 19. PATABENDIGE DON, Albert Malcolm Ranjith",4,1,
"(10) 5. GUADAGNI, O.C.D., Giovanni Antonio (1674-1759)",1,1,fiu_scrape
"(25) 6. COLONNA, Girolamo (1604-1666)",11,2,fiu_scrape
"(210) 9. OKOGIE, Anthony Olubunmi",>1,1,
"(13) 12. PALLAVICINO, Rannuzio (1632-1712)","","",fiu_scrape
"(4) 4. STELLA, Beniamino",12,2,fiu_scrape
"(34) 10. FERRERO, Gianstefano (1474-1510)",14,5,fiu_scrape
"(21) 3. LLUCH Y GARRIGA, O.C.D., Joaquín",13,,
"(12) 12. SPINOLA, iuniore, Giambattista (1646-1719)",6,1,fiu_scrape
"(33) 25. CESARINI, seniore, Alessandro (last quarter of the 15th century-1542)",3,2,fiu_scrape
"(68) 11. CEVA, Francesco Adriano (1580-1655)","","",fiu_scrape
"(10) 10. BASSETTI, Gualtiero",3,1,fiu_scrape
"(29) 4. ROCHECHOUART DE FAUDOAS, Jean-François-Joseph (1708-1777)",11,5,fiu_scrape
"(31) 17. LANCELLOTTI, Scipione (1527-1598)",4,2,fiu_scrape
"(135) 5. BOSCHI, Giulio",11,11,
"(6) 6. BARNI, Giovanni Battista (1676-1754)","","",fiu_scrape
"(1) 1. LEVADA, William Joseph",2,2,
"(59) 5. MCKEEFRY, Thomas Peter",7,5,
"(42) 4. DURAZZO, Stefano (1594-1667)",7,7,fiu_scrape
(1613-1665),"","",fiu_scrape
"(23) 4. CESARINI, iuniore, Alessandro (1592-1644)","","",fiu_scrape
"(201) 42. DULLES, S.J., Avery",3,3,https://en.wikipedia.org/wiki/John_Foster_Dulles#Personal_life
"(37) 10. ROCCI, Ciriaco (1581 or 1582-1651)",>1,"",fiu_scrape
"(25) 4. TOSCHI, Domenico (1535-1620)",12,"",fiu_scrape
"(13) 13. CASTALDO, Alfonso",5,3,
"(9) 2. DU PLESSIS DE RICHELIEU, Armand-Jean (1585-1642)",>1,"",fiu_scrape
"(36) 1. NORONHA, Miguel Carlos José de (1744-1803)",,4,
"(190) 31. BERGOGLIO, S.J., Jorge Mario",5,1,
"(13) 1. RIVIERA, Domenico (1671-1752)","","",fiu_scrape
"(6) 1. COSCIA, Niccolò (1682-1755)",6,1,fiu_scrape
"(16) 12. GUZMÁN DE HAROS, Enrique (1604 or 1605-1626)","","",fiu_scrape
"(6) 6. BRENES SOLÓRZANO, Leopoldo José",4,"",fiu_scrape
"(70) 29. LANTE, Antonio (1737-1817)",,,
"(32) 6. ARIAS Y PORRES, O.S.Io.Hieros., Manuel (1638-1717)","","",fiu_scrape
"(79) 4. GREGORY, Wilton Daniel",3,"",fiu_scrape
"(48) 3. BRAGADIN, Marcantonio (1591-1658)",4,"",fiu_scrape
(1667-1740),1,1,fiu_scrape
"(21) 2. CLEMENTE, Manuel José Macário do Nascimento",4,3,fiu_scrape
"(70) 13. DONGHI, Giovanni Stefano (1608-1669)","","",fiu_scrape
"(133) 26. ŚWIĄTEK, Kazimierz",3,2,
"(55) 5. NOGARET DE LA VALETTE, Louis de (1593-1639)",>3,>2,fiu_scrape
"(18) 18. DANTE, Enrico",>1,,
"(34) 19. DELLY, Emmanuel III",,,
"(15) 2. VIDONI, seniore, Pietro (1610-1681)",3,1,fiu_scrape
"(18) 3. SABATTANI, Aurelio",,,
"(12) 2. MOSCA, Agapito (1678-1760)","","",fiu_scrape
"(37) 3. RANUZZI, Vincenzo (1726-1800)",5,2,fiu_scrape
"(32) 2. TENCIN, Pierre-Guérin de (1680-1758)",>2,"",fiu_scrape
"(34) 7. TRIVULZIO, Giangiacomo Teodoro (1597-1656)",4,"",fiu_scrape
"(66) 8. PEREIRA DE LACERDA, José (1662-1738)","","",fiu_scrape
"(7) 3. GUISE, Louis II de (1555-1588)","",3,fiu_scrape
"(6) 3. MERLINI, Ludovico (1690-1762)",2,2,fiu_scrape
"LA VALETTE, O.S.Io.Hieros., Jean Parisot de (1494-1568)",6,2,fiu_scrape
"(63) 22. DE SIMONE, Camillo (1737-1817)",2,2,
"(6) 2. ACQUAVIVA D'ARAGONA, Pasquale (1718-1788)",8,2,fiu_scrape
"(51) 6. VEROSPI, Girolamo (1599-1652)","","",fiu_scrape
"(5) 5. BUONVISI, Girolamo (1607-1677)","","",fiu_scrape
"(38) 5. PIO, iuniore, Carlo (1622-1689)","","",fiu_scrape
"(22) 7. FARINA, S.D.B., Raffaele",>2,,
"(115) 8. WINNING, Thomas Joseph",2,1,
"(1) 1. FARNESE, iuniore, Alessandro (1520-1589)","",1,fiu_scrape
"(3) 3. MEDICI, iuniore, Giovanni de' (1543 or 1544-1562)",10,4,fiu_scrape
"(104) 19. SCHWERY, Henri",11,11,
"(22) 7. SANSONI RIARIO, Raffaele (1461-1521)","","",fiu_scrape
"(101) 2. SATOLLI, Francesco di Paola",,,
"(23) 1. MAILLARD DE TOURNON, Charles Thomas (1668-1710)","","",fiu_scrape
"(29) 14. LUSTIGER, Jean-Marie",>1,,
"(10) 1. DELLA ROVERE, Girolamo (1528-1592)",>2,"",fiu_scrape
"(9) 9. O'MALLEY, O.F.M. Cap., Seán Patrick",3,2,https://en.wikipedia.org/wiki/Se%C3%A1n_Patrick_O%27Malley
"(37) 18. RAUBER, Karl-Joseph",1,1,fiu_scrape
"(65) 4. BECCIU, Giovanni Angelo",4,"",fiu_scrape
"(19) 19. TANARA, Alessandro (1680-1754)",4,2,fiu_scrape
"(56) 23. GAGNON, P.S.S., Édouard",13,,
"(11) 11. DUVAL, Léon-Étienne",7,6,
"(24) 1. FREGOSO, Paolo (1428-1498)","","",fiu_scrape
"(45) 11. CARRARA, Francesco (1716-1793)","","",fiu_scrape
"(13) 1. CARAFA DELLA SPINA, Francesco (1722-1818)",10,1,fiu_scrape
"(26) 1. MENDOZA, Álvaro de (1671-1761)","","",fiu_scrape
"(1) 1. DAMASCENI PERETTI, Alessandro (1571-1623)",4,1,fiu_scrape
"(54) 9. GABRIELLI, Giulio (1601-1677)",2,1,fiu_scrape
"(8) 1. TORRES, Cosimo de (1584-1642)","","",fiu_scrape
"(16) 13. ORSI, O.P., Giuseppe Agostino (1692-1761)","","",fiu_scrape
"(5) 4. ROLIN, Jean (1408-1483)","","",fiu_scrape
"(3) 2. CAPRANICA, Domenico (1400-1458)",>1,"",fiu_scrape
"(7) 6. CAETANI, Bonifazio (1567 or 1568-1617)",8,4,fiu_scrape
"(2) 2. FRANCIOTTI DELLA ROVERE, Galeotto (1471-1507)","","",fiu_scrape
"(84) 22. BECKER, S.J., Karl Josef",4,3,
"(14) 14. GINETTI, Gianfrancesco (1626-1691)",14,11,fiu_scrape
"(4) 3. BARBERINI, Maffeo (1568-1644)",6,5,fiu_scrape
"(89) 5. SALAZAR GÓMEZ, Rubén","","",fiu_scrape
"(27) 7. CORRADI, Giacomo (1602-1666)",>1,"",fiu_scrape
"MARRACCI, O.M.D., Ludovico (1612-1700)",2,2,fiu_scrape
"(14) 9. RUSTICUCCI, Girolamo (1537-1603)",4,4,fiu_scrape
"(73) 12. REVOLLO BRAVO, Mario",6,3,
"(191) 32. POLICARPO, José da Cruz",9,1,
"(41) 8. SUQUÍA GOICOECHEA, Ángel",13,,
"(64) 2. MENDONÇA, José Tolentino Calaça de",5,5,fiu_scrape
"(30) 3. SANGUIN DE MEUDON, Antoine (1502-1559)",>1,>1,fiu_scrape
"(20) 1. VEROSPI, Fabrizio (1571-1639)","","",fiu_scrape
"(58) 2. CSÁKY, Imre (1672-1732)","","",fiu_scrape
(1773-1837),,1,
"(117) 10. DARMAATMADJA, S.J., Julius Riyadi",6,6,
"(22) 1. NASALLI, Ignazio (1750-1831)",7,4,
"(83) 8. LOJUDICE, Augusto Paolo",3,"",fiu_scrape
"(43) 2. TASCHEREAU, Elzéar-Alexandre",7,,
"(5) 3. SIMONETA, Giacomo (1475-1539)",>2,"",fiu_scrape
"(43) 27. ESTE, Rinaldo d' (1655-1737)",1,1,fiu_scrape
"(59) 2. POLI, Fausto (1581-1653)","","",fiu_scrape
"(80) 5. ADVINCULA, Jose Fuerte",12,>1,fiu_scrape
"(23) 3. CHIGI, Fabio (1599-1667)","","",fiu_scrape
"(24) 1. GOZZADINI, Ulisse Giuseppe (1650-1728)","","",fiu_scrape
"(14) 14. CONTI, Lucido (1388-1437)",8,3,fiu_scrape
"(23) 2 ROJAS Y SANDOVAL, Bernardo de (1546-1618)",6,2,fiu_scrape
"(4) 1. BANDITI, Theat., Francesco Maria (1706-1796)","","",fiu_scrape
"(29) 1. HRZÁN Z HARASOVA, František de Paula (1735-1804)","","",fiu_scrape
"(82) 7. SIM, Cornelius",6,1,fiu_scrape
"(214) 13. RIGALI, Justin Francis",7,7,
"(39) 1. AMATO, S.D.B., Angelo",4,1,
"(19) 18. COLONNA, Carlo (1665-1739)","",3,fiu_scrape
"(44) 9. DEL BUFALO, Innocenzo (1565 or 1566-1610)",5,2,fiu_scrape
"(8) 4. SPADA, Bernardino (1594-1661)","","",fiu_scrape
"(46) 7. PORRAS CARDOZO, Baltazar Enrique",8,1,fiu_scrape
"(12) 1. WAZA, S.J., Jan Kazimierz (1609-1672)",7,3,fiu_scrape
"(50) 11. PICCOLOMINI, Enea Silvio (1709-1768)",8,2,fiu_scrape
"(49) 10. PIRELLI, Filippo Maria (1708-1771)","","",fiu_scrape
"(29) 2. BOURBON DEL MONTE, Francesco Maria (1549-1626)",13,5,fiu_scrape
"(36) 9. WAZA, S.J., Jan Olbracht (1612-1634)",5,"",fiu_scrape
"(4) 1. FIRRAO, Giuseppe (1736-1830)",3,2,
"(72) 10. VERSALDI, Giuseppe",2,,
"(19) 5. CAPPONI, Luigi (1583-1659)",4,3,fiu_scrape
"(7) 7. MEDICI, Giovanni de' (1475-1521)","","",fiu_scrape
"(43) 17. ORIGO, Curzio (1661-1737)",4,1,fiu_scrape
"(57) 12. ESTE, Rinaldo d' (1618-1672)",14,7,fiu_scrape
"(31) 4. PALLOTTA, Giovanni Battista Maria (1594-1668)",5,1,fiu_scrape
"(14) 14. RUBIN, Władysław",6,,
"(20) 17. CRIVELLI, Carlo (1736-1818)",6,6,
"(40) 6. CHIARAMONTI, O.S.B.Cas., Gregorio Barnaba (1742-1823)","","",fiu_scrape
"(10) 10. CAPIZUCCHI, O.P., Raimondo (1615-1691)","","",fiu_scrape
"(3) 3. ALDOBRANDINI, Pietro (1571-1621)",2,1,fiu_scrape
"STRASOLDO, Raymund Anton von (1718-1781)","","",fiu_scrape
"(1) 1. MAREFOSCHI, Mario (1714-1780)",3,2,fiu_scrape
"(26) 8. SOUSA E SILVA, Fernando de (1712-1786)",28,6,fiu_scrape
"(98) 4. FERRARI, Andrea Carlo",4,1,
"(12) 7. GONZAGA, Pirro (1505-1529)",10,3,fiu_scrape
"(17) 4. ARAGÓN, Pascual de (1626-1677)",9,9,fiu_scrape
"(59) 1. POTIER DE GESVRES, Léon (1656-1744)","",2,fiu_scrape
"(42) 3. ACQUAVIVA D'ARAGONA, Giovanni Vincenzo (1490/1495-1546)","","",fiu_scrape
"(61) 4. MATTEI, Gasparo (1598/1599-1650)",>1,1,fiu_scrape
"(14) 10. CAVALIERI, Giacomo (1566-1629)","","",fiu_scrape
"(33) 12. ESTE, Alessandro d' (1568-1624)","","",fiu_scrape
"(13) 1. SAVELLI, Fabrizio (1607-1659)","","",fiu_scrape
(1651-1726),6,5,fiu_scrape
"(19) 5. ALBERIZZI, Mario (1609-1680)","","",fiu_scrape
"(68) 6. COCCOPALMERIO, Francesco","","",fiu_scrape
"(36) 1. OLIVIER-RAZALI, Séraphin (1538-1609)","","",fiu_scrape
"(52) 13. TOBIN, C.Ss.R., Joseph William",13,1,fiu_scrape
"(9) 6. LONGUEIL, Richard Olivier de (1407-1470)","","",fiu_scrape
"(23) 2. FERNÁNDEZ MANRIQUE, Pedro (ca. 1500-1540)","","",fiu_scrape
"(27) 19. VIO, O.P., Tommaso (1469-1534)",4,4,fiu_scrape
"(33) 6. VIRILI, Luca Antonio (1569-1634)","","",fiu_scrape
"(14) 2. MAZARIN, O.P., Michel (1605-1648)",>1,"",fiu_scrape
"(16) 1. DELLA ROVERE, Cristoforo (1434-1478)",>1,"",fiu_scrape
(1694-1768),"",2,fiu_scrape
"(40) 7. AZZOLINI, iuniore, Decio (1623-1689)",14,5,fiu_scrape
"(50) 7. DALLA COSTA, Elia",5,5,
"(2) 2. VECCHI, Bernardino de' (1699-1775)","","",fiu_scrape
"(35) 27. RIDOLFI, Niccolò (1501-1550)",7,4,fiu_scrape
"(41) 18. CRÉQUI CANAPLES, Antoine de (1531-1574)",>3,"",fiu_scrape
"(30) 2. BOURDEILLES, O.F.M.Obs., Hélie de (ca. 1413-1484)",>4,>4,fiu_scrape
"(28) 7. REZZONICO, seniore, Carlo (1693-1769)",2,2,fiu_scrape
"(41) 2. NZAPALAINGA, C.S.Sp., Dieudonné",14,5,fiu_scrape
"(32) 4. SCHIAFFINATI, Giovanni Giacomo (1451-1497)",>3,"",fiu_scrape
"(27) 11. LE CAMUS, Étienne (1632-1707)","","",fiu_scrape
"(24) 5. BARBERINI, iuniore, O.S.Io.Hieros., Antonio (1607-1671)",>2,>1,fiu_scrape
"(22) 3. BICHI, Metello (1541-1619)","","",fiu_scrape
"(64) 4. FARNESE, O.S.Io.Hieros., Ranuccio (1530-1565)",4,4,fiu_scrape
"(78) 16. DOLAN, Timothy Michael",5,1,
"(48) 1. GONDI, Henri de (1563-1622)",10,2,fiu_scrape
"(68) 10. SALERNI, S.J., Giovanni Battista (1670-1729)","","",fiu_scrape
"(1) 1. REZZONICO, iuniore, Carlo (1724-1799)",5,2,fiu_scrape
"(5) 5. SAPIEHA, Adam Stefan",7,7,
"(207) 6. HAMAO, Stephen Fumio",2,2,
"(18) 2. PALLAVICINI, Opizio (1632-1700)",6,4,fiu_scrape
"(4) 1. ROSSI, Ferdinando Maria de (1696-1775)","","",fiu_scrape
"(96) 8. MCELROY, Robert Walter",5,"",fiu_scrape
"(61) 9. CAMPANELLI, Filippo (1739-1795)","","",fiu_scrape
"(42) 5. DURINI, Carlo Francesco (1693-1769)",9,9,fiu_scrape
"(7) 2. CARAFA, Gianvincenzo (1477-1541)",5,3,fiu_scrape
"(121) 14. AGUSTONI, Gilberto",6,,
"(40) 17. CRIVELLI, Alessandro (1514-1574)",4,4,fiu_scrape
"(104) 5. GOTTI, O.C.D., Girolamo Maria",5,2,
"(23) 23. HERRERA ORIA, Ángel",15,13,
"MENDOZA Y PACHECO, Francisco de (1494-1544)","",3,fiu_scrape
"(2) 2. CONSALVI, Ercole (1757-1824)",5,1,
"(8) 8. FARNESE, Girolamo (1599-1668)","","",fiu_scrape
"(58) 6. AUERSPERG, Joseph Franz Anton von (1734-1795)",10,2,fiu_scrape
"(160) 1. RE, Giovanni Battista",7,,
"(2) 2. MEDICI, Leopoldo de' (1617-1675)","",>5,fiu_scrape
"(18) 3. HESLER, Georg (1427-1482)",7,2,fiu_scrape
"(6) 5. CALANDRINI, Filippo (1403-1476)","",1,fiu_scrape
"(57) 5. MONTMORENCY-LAVAL, Louis-Joseph de (1724-1808)","","",fiu_scrape
"(51) 14. BANCHIERI, Giovanni Francesco (1694-1763)",3,3,fiu_scrape
"(1) 1. PIGNATELLI, seniore, Theat., Francesco (1652-1734)","","",fiu_scrape
"(30) 3. BORJA-CENTELLES Y PONCE DE LEÓN, Francisco Antonio de (1659-1702)",9,3,fiu_scrape
"(15) 1. SOUSA, Luiz de (1630-1702)",4,2,fiu_scrape
"(1) 1. BARBERINI, seniore, Francesco (1597-1679)","","",fiu_scrape
"(43) 2. GRAVINA, Pietro (1749-1830)",>1,,
"(52) 19. CASTILLO LARA, S.D.B., Rosalio José",7,3,
"(31) 6. NATTA, O.P., Enrichetto Virginio (1701-1768)",10,2,fiu_scrape
"(8) 1. SAVOIE, Amedeo di (1383-1451)",>1,1,fiu_scrape
"(154) 17. KOZŁOWIECKI, S.J., Adam",,,
"(60) 3. FALCONIERI, Lelio (1585-1648)",13,10,fiu_scrape
"(22) 4. CARAFA DELLA SPINA, Carlo (1611-1680)",>1,2,fiu_scrape
"(15) 14. CAPRARA, Alessandro (1626-1711)",7,1,fiu_scrape
"(8) 8. SANSEVERINO, Federico (1475/1477-1516)","","",fiu_scrape
"(62) 2. AMBOISE, Georges II d' (1488-1550)",16,"",fiu_scrape
"(15) 1. MARESCOTTI, Galeazzo (1627-1726)",>3,"",fiu_scrape
"(15) 11. BISCIA, Lelio (1575-1638)",5,2,fiu_scrape
"(8) 3. FIRRAO, Giuseppe (1670-1744)",4,2,fiu_scrape
"(22) 4. LOAYSA Y MENDOZA, O.P., García de (1478-1546)",>2,"",fiu_scrape
"(57) 24. STICKLER, S.D.B., Alfons Maria",12,2,
"(19) 19. FELIX, Kelvin Edward",9,"",fiu_scrape
"(66) 9. THEODOLI, Mario (1601-1650)","","",fiu_scrape
"(33) 3. UBALDINI, Roberto (ca. 1578-1635)","","",fiu_scrape
"(1) 1. SEGA, Filippo (1537-1596)","","",fiu_scrape
"(15) 15. BOLOGNETTI, Mario (1690-1756)","","",fiu_scrape
"(146) 9. AMBROZIC, Aloysius Matthew",7,2,
"(17) 17. CARO RODRÍGUEZ, José María",9,4,
"(83) 21. GRECH, O.S.A., Prosper",1,1,
"(127) 20. MAIDA, Adam Joseph",>1,,
"(25) 22. CORSINI, Andrea (1735-1795)",7,5,fiu_scrape
"(17) 2. MONTFORT, Guillaume Ragenel de (?-1432)","","",fiu_scrape
"(5) 3. FERRERO DELLA MARMORA, Teresio (1757-1831)",11,4,
"(9) 6. GESUALDO, Alfonso (1540-1603)","","",fiu_scrape
"(95) 1. MAURI, O.P., Egidio",,>1,
"(9) 9. SACRIPANTE, Giuseppe (1642-1727)",4,1,fiu_scrape
"(18) 9. BORJA Y DE CASTRE-PINÓS, Rodrigo Luis de (1524-1537)","","",fiu_scrape
"(61) 5. ROSA CHÁVEZ, Gregorio","","",fiu_scrape
"(41) 3. SARAH, Robert",1,1,
"(22) 4. BATTHYÁNY, József (1727-1799)",5,2,fiu_scrape
"(37) 29. TRIVULZIO, Agostino (ca. 1485-1548)",8,8,fiu_scrape
"(16) 2. CORNARO, Giorgio (1658-1722)",7,2,fiu_scrape
"(55) 16. KHOARAI, O.M.I., Sebastian Koto","","",fiu_scrape
"(4) 4. SPINOLA, Ugo Pietro (1791-1858)",7,1,
"(24) 5. VITELLESCHI, Bartolomeo (at the beginnin of the 15th century-1463)",>2,"",fiu_scrape
"(3) 3. PAOLUCCI, Camillo (1692-1763)","","",fiu_scrape
"(9) 8. MAFFEI, Orazio (1580-1609)",5,2,fiu_scrape
"(37) 4. ACQUAVIVA D'ARAGONA, iuniore, Ottavio (1609-1674)",6,3,fiu_scrape
"(9) 8. ALDOBRANDINI, seniore, Ippolito (1536-1605)",>1,"",fiu_scrape
"(26) 7. PAMPHILJ, Giambattista (1574-1655)","","",fiu_scrape
"(25) 2. ORSINI, O.S.B., Cosma (1420s-1481)","","",fiu_scrape
"(68) 6. HÖLLERICH, S.J., Jean Claude","","",fiu_scrape
"(21) 3. BONELLI, Carlo (1612-1676)",7,1,fiu_scrape
"(46) 2. SCHÖNBORN, Damian Hugo Philipp von (1676-1743)",18,3,fiu_scrape
"(22) 22. FRINGS, Joseph",8,2,
"(34) 4. CARACCIOLO, seniore, Innico (1607-1685)","","",fiu_scrape
"(65) 7. BELLUGA Y MONCADA, Orat., Luis Antonio (1662-1743)",1,1,fiu_scrape
"(82) 21. HENGSBACH, Franz",8,,
"(37) 2. GINNASI, Domenico (1551-1639)","",3,fiu_scrape
"(12) 2. BOURBON, Charles I de (1435-1488)","",3,fiu_scrape
"(51) 13. VELA CHIRIBOGA, Raúl Eduardo",9,5,
"(49) 8. CASTIGLIONI, Francesco Saverio (1761-1830)",8,3,
"(62) 8. DEARDEN, John Francis",5,1,
"(29) 1. SALVIATI, Alamanno (1668-1733)",6,4,fiu_scrape
"(5) 2. MELLA, Juan de (1397-1467)",>1,"",fiu_scrape
"(7) 4. HOHENEMS, Mark Sittich von (1533-1595)","","",fiu_scrape
(1616-1682),"",12,fiu_scrape
"(21) 2. ALBORNOZ, Gil de (1581-1649)",8,7,fiu_scrape
"(19) 1. DELGADO Y VENEGAS, Francisco Javier (1714-1781)","","",fiu_scrape
"(1) 1. AMBOISE, Georges I d' (1460-1510)",18,"",fiu_scrape
"(1) 1. BORJA LANZOL DE ROMANÍ, el mayor, Juan de (1446-1503)","","",fiu_scrape
"(12) 12. CARTER, Gerald Emmett",8,8,
"(80) 18. TONG HON, John",3,1,
"(88) 3. PALLOTTA, Antonio (1770-1834)",3,1,
"(9) 1. ROSPIGLIOSI, Felice (1639-1688)",>1,"",fiu_scrape
"(10) 7. ERBA-ODESCALCHI, Antonio Maria (1712-1762)",11,1,fiu_scrape
(1614-1681),>2,"",fiu_scrape
"(40) 2. BICHI, Alessandro (1596-1657)","","",fiu_scrape
"(20) 4. BORJA LANZOL DE ROMANÍ, el menor, Juan (1470-1500)",8,2,fiu_scrape
"(75) 14. BOCOS MERINO, C.M.F., Aquilino","","",fiu_scrape
"(10) 6. GESSI, Berlinghiero (1563-1639)","","",fiu_scrape
"(69) 7. AVIZ, João Braz de",8,,
"(2) 2. MEDICI, Giancarlo de' (1611-1663)","",3,fiu_scrape
(ca. 1488/1489-1546),8,3,fiu_scrape
"(35) 9. SALA Y DE CARAMANY, O.S.B.Cas., Benito de (1646-1715)",3,2,fiu_scrape
"(9) 1. CONTI, Francesco (ca. 1470-1521)",10,5,fiu_scrape
"(23) 2. LA TOUR D'AUVERGNE DE BOUILLON, Henri-Osvald de (1671-1747)",7,2,fiu_scrape
"(11) 11. LANDI, Francesco (1682-1757)",4,4,fiu_scrape
"(83) 22. SLADKEVIČIUS, M.I.C., Vincentas",5,5,
"(78) 3. KAMBANDA, Antoine",>2,"",fiu_scrape
"(9) 9. BICHI, Antonio (1614-1691)","","",fiu_scrape
"(42) 4. MONTERISI, Francesco","","",fiu_scrape
"(4) 3. BORGHESE, Pietro Maria (1599-1642)",3,2,fiu_scrape
"(65) 3. ABRIL Y CASTELLÓ, Santos",>2,>1,fiu_scrape
"(37) 7. MEDICI, Carlo de' (1595-1666)",8,5,fiu_scrape
"(15) 7. FERRERO, Bonifacio (1476-1543)",>1,"",fiu_scrape
"(74) 12. COLLINS, Thomas Christopher",3,3,
"(17) 1. ISOLANI, Giacomo (1360-1431)",3,2,fiu_scrape
"(8) 5. GONZAGA, Francesco (1538-1566)","","",fiu_scrape
"(11) 2. CIOCCHI DEL MONTE, Giovanni Maria (1487-1555)",5,2,fiu_scrape
"(44) 21. SIRLETO, Guglielmo (1514-1585)",8,"",fiu_scrape
"(1) 1. CORSINI, Neri Maria (1685-1770)",2,2,fiu_scrape
"(36) 4. MINORETTI, Carlo Dalmazio",11,7,
"(63) 5. HÉNIN-LIÉTARD D'ALSACE-BOUSSU DE CHIMAY, Thomas Philip Wallrad d' (1679-1759)",2,2,fiu_scrape
"(14) 6. COZZA, O.F.M.Obs., Lorenzo (1654-1729)","","",fiu_scrape
"(24) 1. RAMPINI, Enrico (ca 1390-1450)",>4,>1,fiu_scrape
"(3) 1. BORGHESE, Scipione (1734-1782)",10,6,fiu_scrape
"(192) 33. POLETTO, Severino",11,11,
"(21) 3. PALLOTTA, Giovanni Evangelista (1548-1620)",4,2,fiu_scrape
"(2) 1. PARAVICINI, Ottavio (1552-1611)",>1,>1,fiu_scrape
"(21) 3. GORREVOD, Louis de (ca. 1473-1535)","","",fiu_scrape
"(226) 25. ERDÖ, Péter",6,1,
"(5) 5. NICHOLS, Vincent Gerard","","",fiu_scrape
"(69) 12. COSTAGUTI, Vincenzo (1612-1660)","","",fiu_scrape
"(1) 1. SPINOLA, seniore, Giambattista (1615-1704)",12,4,fiu_scrape
"(4) 4. UROSA SAVINO, Jorge Liberato","","",fiu_scrape
"(58) 8. SCAGLIA, O.P., Desiderio (1567/1568-1639)",2,"",fiu_scrape
"(46) 8. SARDI, Paolo",>1,"",fiu_scrape
"(89) 1. ROCHE, Arthur","","",fiu_scrape
"(35) 2. CAFFARELLI, Prospero (1592/1593-1659)",5,2,fiu_scrape
"(24) 6. HURTADO DE MENDOZA, Juan (1548-1592)","","",fiu_scrape
"(79) 17. WOELKI, Rainer Maria",3,1,
"(15) 15. GILROY, Norman Thomas",6,1,
"(45) 22. PALEOTTI, Gabriele (1522-1597)",5,2,fiu_scrape
"(77) 1. TALLEYRAND-PÉRIGORD, Alexandre-Angélique de (1736-1821)",8,4,
"(31) 1. SPINOLA, Giulio (1612-1691)",9,1,fiu_scrape
"(20) 1. SPINELLI, Giuseppe (1694-1763)",5,4,fiu_scrape
"(21) 5. LENCASTRE, Veríssimo de (1615-1692)",9,5,fiu_scrape
"(17) 7. MANCIFORTE SPERELLI, Giovanni Ottavio (1730-1781)",9,3,fiu_scrape
"(13) 4. SAVOIA, Maurizio di (1593-1657)","",4,fiu_scrape
"(57) 1. ALBERONI, Giulio (1664-1752)",6,"",fiu_scrape
"(17) 2. FOLEY, John Patrick",1,1,
"(26) 5. ESTE, Ippolito II d' (1509-1572)",8,8,fiu_scrape
"(17) 8. POLE, Reginald (1500-1558)",5,2,fiu_scrape
"(17) 3. LENI, Giambattista (1573-1627)",5,2,fiu_scrape
"(70) 6. ROVERELLA, Aurelio (1748-1812)",5,5,fiu_scrape
"(55) 10. MAZARIN, Jules Raymond (1602-1661)",>1,>1,fiu_scrape
"(11) 1. COSTA, Jorge da (1406-1508)",>6,"",fiu_scrape
"(9) 9. ETCHEGARAY, Roger",3,1,
"(44) 5. CUPICH, Blase Joseph",9,"",fiu_scrape
"(71) 4. MAFFEI, Bernardino (1514-1553)",8,2,fiu_scrape
"(20) 6. GRIMANI, Vincenzo (1653-1710)","","",fiu_scrape
"(70) 3. FERRERO, Filiberto (1500-1549)",7,1,fiu_scrape
"(11) 8. VERONESE, Sante (1684-1767)","","",fiu_scrape
"(106) 21. DEL MESTRI, Guido",6,6,
"(10) 2. DURINI, Angelo Maria (1725-1796)",2,2,fiu_scrape
"(13) 8. ALDOBRANDINI, Giovanni (1525-1573)","","",fiu_scrape
(1551-1606),"","",fiu_scrape
"(29) 29. GALEN, Clemens August von",13,11,
(1653-1730),5,4,fiu_scrape
"(23) 7. MATTEI, Orazio (1621-1688)",>1,"",fiu_scrape
"(26) 11. VINGT-TROIS, André","","",fiu_scrape
"(209) 8. SCOLA, Angelo",2,2,
"(7) 7. PANNOCCHIESCHI D'ELCI, Scipione (1600-1670)",6,6,fiu_scrape
"(88) 3. LAGHI, Pio",5,5,
"(36) 2. THUN, Guidobald von (1616-1668)","","",fiu_scrape
"(2) 2. RODÉ, C.M., Franc",7,7,
"(16) 8. BANCHIERI, Antonio (1667-1733)","","",fiu_scrape
(1644-1701),15,4,fiu_scrape
"(4) 4. CARRILLO DE ACUÑA, el joven, Alfonso (1413-1482)","",4,fiu_scrape
"(20) 20. MONTI, Filippo Maria de (1675-1754)",,,
"(9) 1. CONTI, Innocenzo (1731-1785)",>1,"",fiu_scrape
"(6) 1. BICHI, Vincenzo (1668-1750)","","",fiu_scrape
"(2) 1. MARTELLI, Francesco (1633-1717)","","",fiu_scrape
"(13) 10. CASTELLI, Giuseppe Maria (1705-1780)",4,3,fiu_scrape
"(5) 5. TODESCHINI-PICCOLOMINI, Francesco (1439-1503)","",4,fiu_scrape
"(21) 1. SARMIENTO, Pedro (ca.1487/1490-1541)",5,2,fiu_scrape
"(40) 2. NAGUIB, Antonios",7,2,
"(9) 4. GENTILI, Antonio Saverio (1681-1753)","",2,fiu_scrape
"(2) 1. PRIULI, Antonio Marino (1707-1772)",8,5,fiu_scrape
"(3) 2. ACQUAVIVA D'ARAGONA, seniore, Ottavio (1560-1612)","","",fiu_scrape
"(11) 11. DE LUCA, Giovanni Battista (1614-1683)","","",fiu_scrape
"(55) 4. SPINOLA, Niccolò (1659-1735)",11,4,fiu_scrape
"(49) 1. BRASCHI-ONESTI, Romualdo (1753-1817)",6,4,fiu_scrape
"(1) 1. CAFFARELLI-BORGHESE, Scipione (1576-1633)",1,1,fiu_scrape
"(56) 1. SAULX-TAVANNES, Nicolas-Charles de (1690-1759)",4,3,fiu_scrape
"(23) 2. PORZIA, O.S.B.Cas., Leandro di (1673-1740)","","",fiu_scrape
"(127) 10. MISSIA, Jakob",,>1,
"(17) 16. FILIPPUCCI, Gabriele (1631?-1706)","","",fiu_scrape
"(65) 8. ALTIERI, seniore, Giambattista (1589-1654)","","",fiu_scrape
"(72) 15. GIORI, Angelo (1586-1662)","","",fiu_scrape
"(14) 11. COLONNA, Prospero (ca. 1410-1463)","",5,fiu_scrape
"(19) 15. GINETTI, Marzio (1585-1671)","","",fiu_scrape
"(71) 2. TISSERANT, Eugène",6,4,
"(52) 1. CARACCIOLO, Niccolò (1658-1728)",14,3,fiu_scrape
"(13) 9. SPINOLA, Giandomenico (1580-1646)",9,2,fiu_scrape
"(9) 9. TAJA, Flaminio del (1602-1682)","",2,fiu_scrape
"(14) 11. BUSSI, Pietro Francesco (1684-1765)",13,2,fiu_scrape
"(225) 24. BARBARIN, Philippe",11,,
"(164) 5. GROCHOLEWSKI, Zenon",4,3,
"(7) 6. ACQUAVIVA D'ARAGONA, Francesco (1665-1725)","","",fiu_scrape
"(69) 7. RAMAZZINI IMERI, Álvaro Leonel",4,1,fiu_scrape
"(60) 8. ANTICI, Tommaso (1731-1812)",9,1,fiu_scrape
"(28) 10. CONTI, Giannicolò (1617-1698)",>1,>1,fiu_scrape
"(8) 8. LANTE, Federico Marcello (1695-1773)","","",fiu_scrape
"(31) 23. ORSINI, Franciotto (1473-1534)",>1,1,fiu_scrape
"(5) 4. CORSINI, Lorenzo (1652-1740)","","",fiu_scrape
"(43) 5. LIÈNART, Achille",4,2,
"(74) 13. CLANCY, Edward Bede",5,,
"(59) 3. ARBORELIUS, O.C.D., Anders","","",fiu_scrape
"(13) 13. CORDERO LANZA DI MONTEZEMOLO, Andrea",3,"",fiu_scrape
"(4) 3. BONCOMPAGNI, Francesco (1592-1641)","","",fiu_scrape
"(12) 8. SACCHETTI, Giulio Cesare (1586-1663)","","",fiu_scrape
"(193) 34. MURPHY-O'CONNOR, Cormac",5,5,
"(10) 2. LERCARI, Niccolò Maria (1675-1757)","","",fiu_scrape
"(2) 2. TOLEDO HERRERA, S.J., Francisco de (1532-1596)",9,"",fiu_scrape
"(3) 1. PETRA, Vincenzo (1662-1747)",>1,"",fiu_scrape
"(27) 9. LANG VON WELLENBURG, Matthäus (1468/1469-1540)",12,"",fiu_scrape
"(84) 9. GAMBETTI, O.F.M.Conv., Mauro","","",fiu_scrape
"(56) 4. COSTA D'ARIGNANO, Vittorio Gaetano (1737-1796)",10,2,fiu_scrape
"(2) 2. MEDICI, Giulio de' (1478-1534)",1,1,fiu_scrape
"(21) 6. RYŁKO, Stanisław",3,2,
"(16) 11. ZÚÑIGA Y AVELLANEDA, Gaspar de (1507-1571)","",3,fiu_scrape
"(44) 6. BURKE, Raymond Leo",6,6,
"(5) 4. CORNARO, seniore, O.S.Io.Hieros., Federico (1531-1590)",10,3,fiu_scrape
"(73) 16. LUGO Y DE QUIROGA, S.J., Juan de (1583-1660)","",>1,fiu_scrape
"(30) 11. STURLA BERHOUET, S.D.B., Daniel Fernando",5,5,fiu_scrape
"(24) 6. FILIPPA DELLA MARTINIANA, Carlo Giuseppe (1724-1802)",1,1,fiu_scrape
"(21) 21. BARDI, Girolamo (1685-1761)",4,1,fiu_scrape
"(7) 2. GOZZADINI, Marcantonio (1574-1623)","","",fiu_scrape
"(1) 1. CONTI, O.S.B.Cas., Bernardo Maria (1664-1730)","","",fiu_scrape
"(7) 2. MICARA, O.F.M.Cap., Ludovico (1775-1847)",7,3,
"(30) 2. MATTEI, Alessandro (1744-1820)",4,1,fiu_scrape
"(82) 1. HABSBURG-LOTHARINGEN, Rudolf Johannes Joseph Rainier von (1788-1831)",16,16,
"(7) 7. CORRIPIO AHUMADA, Ernesto",4,1,
"(29) 10. BORJA Y DE VELASCO, Gaspar de (1580-1645)","","",fiu_scrape
"(16) 16. ZOUNGRANA, M.Afr., Paul",8,1,
"(5) 5. ROSALES, Gaudencio Borbon",7,3,
"(1) 1. RIARIO, O.F.M.Conv., Pietro (1445-1474)",7,3,fiu_scrape
"(7) 2. GIUDICE, Niccolò del (1660-1743)",10,2,fiu_scrape
"(27) 2. DELFINO, Daniele (1688-1762)",7,4,fiu_scrape
"(59) 7. BORGIA, Stefano (1731-1804)",5,1,fiu_scrape
"(16) 8. CARAFA, Alfonso (1540-1565)","",1,fiu_scrape
"(37) 1. STUART OF YORK, Henry Benedict Mary Clement (1725-1807)",2,2,fiu_scrape
"(15) 12. SCHAUMBERG, Peter von (1388-1469)",>3,"",fiu_scrape
"(20) 16. BARONI PERETTI, Andrea (1572-1629)","","",fiu_scrape
"(48) 1. ÁVALOS DE LA CUEVA, Gaspar de (1485-1545)","","",fiu_scrape
"(15) 5. GIOANNETTI, O.S.B.Cam., Andrea (1722-1800)","","",fiu_scrape
"(8) 6. CONTARINI, Gasparo (1483-1542)",12,1,fiu_scrape
"(3) 1. AUSTRIA, Andreas von (1558-1600)","","",fiu_scrape
"(28) 3. CHOISEUL DE BEAUPRÉ, Antoine Clériadus de (1706-1774)","","",fiu_scrape
"(224) 23. QUEZADA TORUÑO, Rodolfo",3,1,
"(34) 26. SALVIATI, Giovanni (1490-1553)",11,1,fiu_scrape
"(20) 20. ROSSI, Agnelo",2,,
"(32) 17. SCHERER, Odilo Pedro",13,6,fiu_scrape
"(14) 14. PETIT DE JULLEVILLE, Pierre",5,4,
"(49) 6. VILLENEUVE, O.M.I., Jean-Marie-Rodrigue",3,,
"(31) 12. BLÁZQUEZ PÉREZ, Ricardo","",2,fiu_scrape
"(31) 3. MARGARIT I PAU, Juan (ca. 1422-1484)",>4,>3,fiu_scrape
"(9) 5. CIBO, Alderano (1613-1700)","","",fiu_scrape
"(6) 6. CANALI, Francesco (1764-1835)",3,,
"(11) 1. HONORATI, Bernardino (1724-1807)",10,2,fiu_scrape
"(43) 8. DU PERRON, Jacques Davy (1556-1618)","","",fiu_scrape
"(26) 6. OTTOBONI, Pietro Vito (1610-1691)",9,9,fiu_scrape
"(186) 27. CIPRIANI THORNE, Juan Luis",11,4,
"(35) 5. TREJO Y PANIAGUA, Gabriel (1577-1630)",>3,>3,fiu_scrape
"(60) 13. CRISPI, Tiberio (1498-1566)","","",fiu_scrape
"(10) 7. GAMBARA, Gianfrancesco (1533-1587)","","",fiu_scrape
"(70) 9. CANESTRI, Giovanni",>1,,
"(27) 6. D'ELCI, Raniero (1670-1761)",4,2,fiu_scrape
"(56) 11. ORSINI, Virginio (1615-1676)","","",fiu_scrape
"(4) 4. CIBO, Innocenzo (1491-1550)","",1,fiu_scrape
"(7) 3. CARAFA, seniore, Pier Luigi (1581-1655)","","",fiu_scrape
"(55) 1. FERNÁNDEZ DE CÓRDOBA, Luis Antonio (1696-1771)",7,2,fiu_scrape
"(52) 1. OLIVIERI, Fabio (1658-1738)","","",fiu_scrape
"(11) 10. OMODEI, iuniore, Luigi (1657-1706)","","",fiu_scrape
"(53) 3. VALIER, Pietro (1574-1629)",6,2,fiu_scrape
"(11) 11. POLI, Mario Aurelio","","",fiu_scrape
"(34) 15. MAFI, Soane Patita Paini","","",fiu_scrape
"(12) 1. DE SIMONE, Gennaro Antonio (1714-1780)",5,4,fiu_scrape
"(9) 4. CESI, seniore, Pierdonato (1521-1586)","","",fiu_scrape
"(25) 5. OMODEI, seniore, Luigi (1608-1685)","",7,fiu_scrape
"(38) 4. BELLISOMI, Carlo (1736-1808)","","",fiu_scrape
"(16) 3. BARBARIGO, Gregorio (1625-1697)",4,1,fiu_scrape
"LECLERC DU TREMBLAY, O.F.M.Cap., François de (1577-1638)","","",fiu_scrape
"(32) 7. MOLINO, Giovanni (1705-1773)",5,2,fiu_scrape
"(42) 3. ODDI, S.J., Niccolò (1715-1767)",6,1,fiu_scrape
"(36) 11. DELLE LANZE, Carlo Vittorio Amedeo (1712-1784)",2,1,fiu_scrape
"(68) 4. BUSSI DE PRETIS, Giovanni Battista (1721-1800)","","",fiu_scrape
"(125) 18. TURCOTTE, Jean-Claude",7,,
"(3) 3. VALLINI, Agostino",2,2,fiu_scrape
"(26) 3. CLUGNY, Ferry de (ca. 1430-1483)",>1,1,fiu_scrape
"(10) 1. FORGÁCH, Ferenc (1566-1615)","","",fiu_scrape
"(38) 11. MONTI, Cesare (1594-1650)",2,2,fiu_scrape
"(88) 13. FEROCI, Enrico",2,"",fiu_scrape
"(63) 2. LADARIA FERRER, S.J., Luis Francisco","","",fiu_scrape
"(4) 1. MAREFOSCHI, Prospero (1653-1732)",4,4,fiu_scrape
"(7) 7. BERAN, Josef",>1,1,
"(173) 14. DIAS, Ivan",5,2,https://en.wikipedia.org/wiki/Ivan_Dias
"(18) 18. CALCAGNINI, Carlo Leopoldo (1679-1746)",7,5,fiu_scrape
"(2) 1. ALDOBRANDINI, Alessandro (1667-1734)",8,7,fiu_scrape
"(8) 7. FARNESE, seniore, Alessandro (1468-1549)",5,3,fiu_scrape
"(67) 13. CASARIEGO Y ACEVEDO, C.R.S., Mario",,,
"(5) 3. DE SIMONE, Domenico (1768-1837)",6,3,
"(52) 5. ANNEBAUT, Jacques d' (ca. 1500-1557)",6,"",fiu_scrape
"(53) 16. TORRIGIANI, Luigi Maria (1697-1777)","","",fiu_scrape
"(36) 1. BUONACCORSI, Simone (1708-1776)",18,4,fiu_scrape
(1617-1699),9,2,fiu_scrape
"(24) 24. CALLORI DI VIGNALE, Federico",10,7,
"(20) 2. PICCOLOMINI, Celio (1609-1681)",4,1,fiu_scrape
"(2) 2. DELLA ROVERE, Giuliano (1443-1513)",5,1,fiu_scrape
"(33) 5. BELLOY, Jean-Baptist de (1709-1808)",,,
"(17) 13. CESI, Bartolomeo (1566-1621)",5,2,fiu_scrape
"(36) 20. CARAFA DELLA SPINA, Fortunato Ilario (1630?-1697)",15,8,fiu_scrape
"(5) 5. CENTO, Fernando",2,,
"(5) 2. CRIVELLI, Ignazio Michele (1698-1768)",3,3,fiu_scrape
"(10) 2. MICHIEL, Giovanni (between April 1446 and April 1447-1503)","","",fiu_scrape
"(13) 3. PALLOTTA, Guglielmo (1727-1795)",3,1,fiu_scrape
"(34) 9. CENCI, iuniore, Baldassare (1710-1763)",7,5,fiu_scrape
"(1) 1. COSSA, Baldassare (1360/1370-1419)",>4,"",fiu_scrape
"(105) 20. STERZINSKY, Georg Maximilian",6,,
"(7) 7. ODDI, Giacomo (1679-1770)",5,5,fiu_scrape
"(30) 3. MASSAIA, O.F.M.Cap., Guglielmo",,,
(1650-1724),3,2,fiu_scrape
"(152) 15. GEORGE, O.M.I., Francis Eugene",2,2,
"(27) 9. CORNARO, Giovanni (1720-1789)","","",fiu_scrape
"(10) 9. IMPERIALI, Giuseppe Renato (1651-1737)","","",fiu_scrape
"(12) 4. PANDOLFINI, Niccolò (1440-1518)",>4,1,fiu_scrape
"(27) 27. RUFFINI, Ernesto",8,5,
"(27) 6. ZACCHIA, Paolo Emilio (1554-1605)","","",fiu_scrape
"(23) 23. TAMBURINI, O.S.B.Cas., Fortunato (1683-1761)",7,"",fiu_scrape
"(35) 1. ALDOBRANDINI, O.S.Io.Hieros., Silvestro (1587-1612)","","",fiu_scrape
"(14) 1. QUIÑONES, O.F.M., Francisco de los Ángeles (1475-1540)",3,3,fiu_scrape
"(69) 5. PIGNATELLI, iuniore, Francesco Maria (1744-1815)",9,2,fiu_scrape
"(8) 2. GIRAUD, Bernardino (1721-1782)",5,3,fiu_scrape
"(28) 1. FREGÓSO, Federico (ca. 1480-1541)","","",fiu_scrape
"(41) 2. SERRA, Niccolò (1706-1767)",3,2,fiu_scrape
"(49) 14. PAMPHILJ, Girolamo (1544-1610)",>1,>1,fiu_scrape
"(12) 12. JONG, Jan de",8,1,
"(17) 17. COLONNA, Prospero (1707-1765)","","",fiu_scrape
"(13) 5. PETRUCCI, Raffaele (1472-1522)",7,3,fiu_scrape
"(24) 1. BORJA, Alfonso de (1378-1458)",5,1,fiu_scrape
